InvoiceID,PayerAccountId,LinkedAccountId,RecordType,RecordID,BillingPeriodStartDate,BillingPeriodEndDate,InvoiceDate,PayerAccountName,LinkedAccountName,TaxationAddress,PayerPONumber,ProductCode,ProductName,SellerOfRecord,UsageType,Operation,RateId,ItemDescription,UsageStartDate,UsageEndDate,UsageQuantity,BlendedRate,CurrencyCode,CostBeforeTax,Credits,TaxAmount,TaxType,TotalCost,SrNo,Tag
160554237,596134326249,,PayerLineItem,6200000001373824458,2018/11/01 0:00:00,2018/11/30 23:59:59,2018/12/03 7:54:24,Pioneer Works,,,,AmazonCloudFront,Amazon CloudFront,"Amazon Web Services, Inc.",ZA-Requests-Tier2-HTTPS,,281246413,"$0.0120 per 10,000 HTTPS Requests",2018/11/01 0:00:00,2018/11/30 23:59:59,11327,,USD,0.01,0,0,None,0.01,1,Cloud CDN
160554237,596134326249,,PayerLineItem,6200000001373824459,2018/11/01 0:00:00,2018/11/30 23:59:59,2018/12/03 7:54:24,Pioneer Works,,,,AmazonCloudFront,Amazon CloudFront,"Amazon Web Services, Inc.",IN-Requests-Tier2-HTTPS,,281246437,"$0.0120 per 10,000 HTTPS Requests (India)",2018/11/01 0:00:00,2018/11/30 23:59:59,45495,,USD,0.05,0,0,None,0.05,2,Cloud CDN
160554237,596134326249,,PayerLineItem,6200000001373824460,2018/11/01 0:00:00,2018/11/30 23:59:59,2018/12/03 7:54:24,Pioneer Works,,,,AmazonCloudFront,Amazon CloudFront,"Amazon Web Services, Inc.",EU-Requests-Tier2-HTTPS,,281246394,"$0.0120 per 10,000 HTTPS Requests",2018/11/01 0:00:00,2018/11/30 23:59:59,879183,,USD,1.06,0,0,None,1.06,3,Cloud CDN
160554237,596134326249,,PayerLineItem,6200000001373824461,2018/11/01 0:00:00,2018/11/30 23:59:59,2018/12/03 7:54:24,Pioneer Works,,,,AmazonCloudFront,Amazon CloudFront,"Amazon Web Services, Inc.",AP-Requests-Tier2-HTTPS,,281246428,"$0.012 per 10,000 HTTPS Requests",2018/11/01 0:00:00,2018/11/30 23:59:59,237751,,USD,0.29,0,0,None,0.29,4,Cloud CDN
160554237,596134326249,,PayerLineItem,6200000001373824463,2018/11/01 0:00:00,2018/11/30 23:59:59,2018/12/03 7:54:24,Pioneer Works,,,,AmazonCloudFront,Amazon CloudFront,"Amazon Web Services, Inc.",ZA-DataTransfer-Out-Bytes,,281246362,$0.110 per GB - first 10 TB / month data transfer out,2018/11/01 0:00:00,2018/11/30 23:59:59,0.65768142,,USD,0.07,0,0,None,0.07,5,Cloud CDN
160554237,596134326249,,PayerLineItem,6200000001373824470,2018/11/01 0:00:00,2018/11/30 23:59:59,2018/12/03 7:54:24,Pioneer Works,,,,AmazonCloudFront,Amazon CloudFront,"Amazon Web Services, Inc.",ME-DataTransfer-Out-Bytes,,281246343,$0.110 per GB - first 10 TB / month data transfer out,2018/11/01 0:00:00,2018/11/30 23:59:59,0.43336746,,USD,0.05,0,0,None,0.05,6,Cloud CDN
160554237,596134326249,,PayerLineItem,6200000001373824471,2018/11/01 0:00:00,2018/11/30 23:59:59,2018/12/03 7:54:24,Pioneer Works,,,,AmazonCloudFront,Amazon CloudFront,"Amazon Web Services, Inc.",US-DataTransfer-Out-Bytes,,281246327,$0.085 per GB - first 10 TB / month data transfer out,2018/11/01 0:00:00,2018/11/30 23:59:59,3069.809741,,USD,260.93,0,0,None,260.93,7,Cloud CDN
160554237,596134326249,,PayerLineItem,6200000001373824472,2018/11/01 0:00:00,2018/11/30 23:59:59,2018/12/03 7:54:24,Pioneer Works,,,,AmazonCloudFront,Amazon CloudFront,"Amazon Web Services, Inc.",AU-Requests-Tier2-HTTPS,,281246433,"$0.0125 per 10,000 HTTPS Requests",2018/11/01 0:00:00,2018/11/30 23:59:59,62272,,USD,0.08,0,0,None,0.08,8,Cloud CDN
160554237,596134326249,,PayerLineItem,6200000001373824486,2018/11/01 0:00:00,2018/11/30 23:59:59,2018/12/03 7:54:24,Pioneer Works,,,,AmazonCloudFront,Amazon CloudFront,"Amazon Web Services, Inc.",ME-Requests-Tier2-HTTPS,,281246405,"$0.0120 per 10,000 HTTPS Requests",2018/11/01 0:00:00,2018/11/30 23:59:59,6355,,USD,0.01,0,0,None,0.01,9,Cloud CDN
160554237,596134326249,,PayerLineItem,6200000001373824497,2018/11/01 0:00:00,2018/11/30 23:59:59,2018/12/03 7:54:24,Pioneer Works,,,,AmazonCloudFront,Amazon CloudFront,"Amazon Web Services, Inc.",CA-DataTransfer-Out-Bytes,,281246392,$0.085 per GB - first 10 TB / month data transfer out (Canada),2018/11/01 0:00:00,2018/11/30 23:59:59,97.98742282,,USD,8.33,0,0,None,8.33,10,Cloud CDN
160554237,596134326249,,PayerLineItem,6200000001373824503,2018/11/01 0:00:00,2018/11/30 23:59:59,2018/12/03 7:54:24,Pioneer Works,,,,AmazonCloudFront,Amazon CloudFront,"Amazon Web Services, Inc.",CA-Requests-Tier2-HTTPS,,281246414,"$0.0100 per 10,000 HTTPS Requests (Canada)",2018/11/01 0:00:00,2018/11/30 23:59:59,2265555,,USD,2.27,0,0,None,2.27,11,Cloud CDN
160554237,596134326249,,PayerLineItem,6200000001373824504,2018/11/01 0:00:00,2018/11/30 23:59:59,2018/12/03 7:54:24,Pioneer Works,,,,AmazonCloudFront,Amazon CloudFront,"Amazon Web Services, Inc.",AP-DataTransfer-Out-Bytes,,281246380,$0.140 per GB - first 10 TB / month data transfer out,2018/11/01 0:00:00,2018/11/30 23:59:59,14.47713869,,USD,2.03,0,0,None,2.03,12,Cloud CDN
160554237,596134326249,,PayerLineItem,6200000001373824510,2018/11/01 0:00:00,2018/11/30 23:59:59,2018/12/03 7:54:24,Pioneer Works,,,,AmazonCloudFront,Amazon CloudFront,"Amazon Web Services, Inc.",SA-DataTransfer-Out-Bytes,,281246372,$0.250 per GB - first 10 TB / month data transfer out,2018/11/01 0:00:00,2018/11/30 23:59:59,2.84629262,,USD,0.71,0,0,None,0.71,13,Cloud CDN
160554237,596134326249,,PayerLineItem,6200000001373824513,2018/11/01 0:00:00,2018/11/30 23:59:59,2018/12/03 7:54:24,Pioneer Works,,,,AmazonCloudFront,Amazon CloudFront,"Amazon Web Services, Inc.",US-Requests-Tier2-HTTPS,,281246439,"$0.0100 per 10,000 HTTPS Requests",2018/11/01 0:00:00,2018/11/30 23:59:59,8.08E+07,,USD,80.84,0,0,None,80.84,14,Cloud CDN
160554237,596134326249,,PayerLineItem,6200000001373824517,2018/11/01 0:00:00,2018/11/30 23:59:59,2018/12/03 7:54:24,Pioneer Works,,,,AmazonCloudFront,Amazon CloudFront,"Amazon Web Services, Inc.",US-Requests-Tier1,,281246441,"$0.0075 per 10,000 HTTP Requests",2018/11/01 0:00:00,2018/11/30 23:59:59,3509,,USD,0,0,0,None,0,15,Cloud CDN
160554237,596134326249,,PayerLineItem,6200000001373824522,2018/11/01 0:00:00,2018/11/30 23:59:59,2018/12/03 7:54:24,Pioneer Works,,,,datapipeline,AWS Data Pipeline,"Amazon Web Services, Inc.",USW2-AWS-Activities-infreq,,4913451,.60 per month per low frequency activity on AWS,2018/11/01 0:00:00,2018/11/30 23:59:59,1.0000008,,USD,0.6,0,0,None,0.6,16,Others
160554237,596134326249,,PayerLineItem,6200000001373824532,2018/11/01 0:00:00,2018/11/30 23:59:59,2018/12/03 7:54:24,Pioneer Works,,,,AmazonCloudFront,Amazon CloudFront,"Amazon Web Services, Inc.",JP-DataTransfer-Out-Bytes,,281246366,$0.114 per GB - first 10 TB / month data transfer out,2018/11/01 0:00:00,2018/11/30 23:59:59,3.31775737,,USD,0.38,0,0,None,0.38,17,Cloud CDN
160554237,596134326249,,PayerLineItem,6200000001373824542,2018/11/01 0:00:00,2018/11/30 23:59:59,2018/12/03 7:54:24,Pioneer Works,,,,AmazonCloudFront,Amazon CloudFront,"Amazon Web Services, Inc.",IN-DataTransfer-Out-Bytes,,281246332,$0.170 per GB - first 10 TB / month data transfer out (India),2018/11/01 0:00:00,2018/11/30 23:59:59,2.70858475,,USD,0.46,0,0,None,0.46,18,Cloud CDN
160554237,596134326249,,PayerLineItem,6200000001373824547,2018/11/01 0:00:00,2018/11/30 23:59:59,2018/12/03 7:54:24,Pioneer Works,,,,AmazonCloudFront,Amazon CloudFront,"Amazon Web Services, Inc.",JP-Requests-Tier2-HTTPS,,281246422,"$0.012 per 10,000 HTTPS Requests",2018/11/01 0:00:00,2018/11/30 23:59:59,51642,,USD,0.06,0,0,None,0.06,19,Cloud CDN
160554237,596134326249,,PayerLineItem,6200000001373824549,2018/11/01 0:00:00,2018/11/30 23:59:59,2018/12/03 7:54:24,Pioneer Works,,,,AmazonCloudFront,Amazon CloudFront,"Amazon Web Services, Inc.",SA-Requests-Tier2-HTTPS,,281246403,"$0.0220 per 10,000 HTTPS Requests",2018/11/01 0:00:00,2018/11/30 23:59:59,91285,,USD,0.2,0,0,None,0.2,20,Cloud CDN
160554237,596134326249,,PayerLineItem,6200000001373824551,2018/11/01 0:00:00,2018/11/30 23:59:59,2018/12/03 7:54:24,Pioneer Works,,,,AmazonCloudFront,Amazon CloudFront,"Amazon Web Services, Inc.",AP-Requests-Tier1,,281246426,"$0.0090 per 10,000 HTTP Requests",2018/11/01 0:00:00,2018/11/30 23:59:59,1372,,USD,0,0,0,None,0,21,Cloud CDN
160554237,596134326249,,PayerLineItem,6200000001373824558,2018/11/01 0:00:00,2018/11/30 23:59:59,2018/12/03 7:54:24,Pioneer Works,,,,AmazonCloudFront,Amazon CloudFront,"Amazon Web Services, Inc.",AU-DataTransfer-Out-Bytes,,281246348,$0.114 per GB - first 10 TB / month data transfer out,2018/11/01 0:00:00,2018/11/30 23:59:59,3.33024652,,USD,0.38,0,0,None,0.38,22,Cloud CDN
160554237,596134326249,,PayerLineItem,6200000001373824560,2018/11/01 0:00:00,2018/11/30 23:59:59,2018/12/03 7:54:24,Pioneer Works,,,,AmazonCloudFront,Amazon CloudFront,"Amazon Web Services, Inc.",EU-DataTransfer-Out-Bytes,,281246318,$0.085 per GB - first 10 TB / month data transfer out,2018/11/01 0:00:00,2018/11/30 23:59:59,52.04146313,,USD,4.42,0,0,None,4.42,23,Cloud CDN
160554237,596134326249,,PayerLineItem,6200000001373824567,2018/11/01 0:00:00,2018/11/30 23:59:59,2018/12/03 7:54:24,Pioneer Works,,,,AmazonRedshift,Amazon Redshift,"Amazon Web Services, Inc.",USW2-Node:dc2.large,RunComputeNode:0001,234216872,$0.250 per Redshift Dense Compute Large (DC2.L) Compute Node-hour (or partial hour),2018/11/01 0:00:00,2018/11/30 23:59:59,3322,,USD,830.5,0,0,None,830.5,24,BigQuery
160554237,596134326249,,PayerLineItem,6200000001381995369,2018/11/01 0:00:00,2018/11/30 23:59:59,2018/12/03 7:54:24,Pioneer Works,,,,AmazonCloudFront,Amazon CloudFront,"Amazon Web Services, Inc.",CA-Requests-Tier1,,281246415,"$0.0075 per 10,000 HTTP Requests (Canada)",2018/11/01 0:00:00,2018/11/30 23:59:59,55,,USD,0,0,0,None,0,25,Cloud CDN
160554237,596134326249,,PayerLineItem,6200000001381995371,2018/11/01 0:00:00,2018/11/30 23:59:59,2018/12/03 7:54:24,Pioneer Works,,,,AmazonCloudFront,Amazon CloudFront,"Amazon Web Services, Inc.",US-DataTransfer-Out-OBytes,,281246336,$0.020 per GB - All data transfer out to Origin (US),2018/11/01 0:00:00,2018/11/30 23:59:59,0.00023734,,USD,0,0,0,None,0,26,Cloud CDN
160554237,596134326249,,PayerLineItem,6200000001381995372,2018/11/01 0:00:00,2018/11/30 23:59:59,2018/12/03 7:54:24,Pioneer Works,,,,AmazonCloudFront,Amazon CloudFront,"Amazon Web Services, Inc.",EU-Requests-Tier1,,281246397,"$0.0090 per 10,000 HTTP Requests",2018/11/01 0:00:00,2018/11/30 23:59:59,225,,USD,0,0,0,None,0,27,Cloud CDN
160554237,596134326249,,PayerLineItem,6200000001381995376,2018/11/01 0:00:00,2018/11/30 23:59:59,2018/12/03 7:54:24,Pioneer Works,,,,AmazonCloudFront,Amazon CloudFront,"Amazon Web Services, Inc.",US-Requests-HTTPS-Proxy,,281246440,"$0.0100 per 10,000 Proxy HTTPS Requests (US)",2018/11/01 0:00:00,2018/11/30 23:59:59,721,,USD,0,0,0,None,0,28,Cloud CDN
160554237,596134326249,,PayerLineItem,6200000001386945280,2018/11/01 0:00:00,2018/11/30 23:59:59,2018/12/03 7:54:24,Pioneer Works,,,,AWSSupportBusiness,AWS Support (Business),"Amazon Web Services, Inc.",Dollar,,247763996,5% of monthly AWS usage from $80K-$250K,2018/11/01 0:00:00,2018/11/30 23:59:59,70994.24381,,USD,3549.71,0,0,None,3549.71,29,Support
160554237,596134326249,,PayerLineItem,6200000001386945282,2018/11/01 0:00:00,2018/11/30 23:59:59,2018/12/03 7:54:24,Pioneer Works,,,,AmazonRekognition,Amazon Rekognition,"Amazon Web Services, Inc.",USW2-ImagesProcessed,,272963205,"Images Processed: 0 - 5000 images processed per month, 0 USD",2018/11/01 0:00:00,2018/11/30 23:59:59,6,,USD,0,0,0,None,0,30,Others
160554237,596134326249,,PayerLineItem,6200000001386945287,2018/11/01 0:00:00,2018/11/30 23:59:59,2018/12/03 7:54:24,Pioneer Works,,,,AWSSupportBusiness,AWS Support (Business),"Amazon Web Services, Inc.",Dollar,,247763993,3% of monthly AWS usage from $250K+,2018/11/01 0:00:00,2018/11/30 23:59:59,0,,USD,0,0,0,None,0,31,Support
160554237,596134326249,,PayerLineItem,6200000001386945288,2018/11/01 0:00:00,2018/11/30 23:59:59,2018/12/03 7:54:24,Pioneer Works,,,,AWSSupportBusiness,AWS Support (Business),"Amazon Web Services, Inc.",Dollar,,247763995,10% of monthly AWS usage for the first $0-$10K,2018/11/01 0:00:00,2018/11/30 23:59:59,10000,,USD,1000,0,0,None,1000,32,Support
160554237,596134326249,,PayerLineItem,6200000001386945292,2018/11/01 0:00:00,2018/11/30 23:59:59,2018/12/03 7:54:24,Pioneer Works,,,,AWSSupportBusiness,AWS Support (Business),"Amazon Web Services, Inc.",Dollar,,247763994,7% of monthly AWS usage from $10K-$80K,2018/11/01 0:00:00,2018/11/30 23:59:59,70000,,USD,4900,0,0,None,4900,33,Support
160554237,596134326249,,PayerLineItem,6200000001388277708,2018/11/01 0:00:00,2018/11/30 23:59:59,2018/12/03 7:54:24,Pioneer Works,,,,AmazonCloudFront,Amazon CloudFront,"Amazon Web Services, Inc.",JP-Requests-Tier1,,281246419,"$0.0090 per 10,000 HTTP Requests",2018/11/01 0:00:00,2018/11/30 23:59:59,48,,USD,0,0,0,None,0,34,Cloud CDN
160554237,596134326249,,PayerLineItem,6200000001388463207,2018/11/01 0:00:00,2018/11/30 23:59:59,2018/12/03 7:54:24,Pioneer Works,,,,AWSLambda,AWS Lambda,"Amazon Web Services, Inc.",USW2-Request,,297939706,"AWS Lambda - Requests Free Tier - 1,000,000 Requests - US West (Oregon)",2018/11/01 0:00:00,2018/11/30 23:59:59,47,,USD,0,0,0,None,0,35,Others
160554237,596134326249,,PayerLineItem,6200000001388463215,2018/11/01 0:00:00,2018/11/30 23:59:59,2018/12/03 7:54:24,Pioneer Works,,,,AWSLambda,AWS Lambda,"Amazon Web Services, Inc.",USW2-Lambda-GB-Second,,297939691,"AWS Lambda - Compute Free Tier - 400,000 GB-Seconds - US West (Oregon)",2018/11/01 0:00:00,2018/11/30 23:59:59,4344.6875,,USD,0,0,0,None,0,36,Others
160554237,596134326249,,PayerLineItem,6200000001392574126,2018/11/01 0:00:00,2018/11/30 23:59:59,2018/12/03 7:54:24,Pioneer Works,,,,AmazonEC2,Amazon Elastic Compute Cloud,"Amazon Web Services, Inc.",USW2-BoxUsage:c5.4xlarge,RunInstances,214082154,"Linux/UNIX (Amazon VPC), c5.4xlarge reserved instance applied",2018/11/07 0:32:37,2018/11/30 23:59:59,5018.742708,,USD,0,0,0,None,0,37,Compute Engine
160554237,596134326249,,PayerLineItem,6200000001392574131,2018/11/01 0:00:00,2018/11/30 23:59:59,2018/12/03 7:54:24,Pioneer Works,,,,AmazonEC2,Amazon Elastic Compute Cloud,"Amazon Web Services, Inc.",USW2-BoxUsage:c5.xlarge,RunInstances,214123271,"Linux/UNIX (Amazon VPC), c5.2xlarge reserved instance applied",2018/11/07 0:32:37,2018/11/30 23:59:59,1813.029167,,USD,0,0,0,None,0,38,Compute Engine
160554237,596134326249,,PayerLineItem,6200000001392574132,2018/11/01 0:00:00,2018/11/30 23:59:59,2018/12/03 7:54:24,Pioneer Works,,,,AmazonEC2,Amazon Elastic Compute Cloud,"Amazon Web Services, Inc.",USW2-BoxUsage:c5.xlarge,RunInstances,214138426,"Linux/UNIX (Amazon VPC), c5.xlarge reserved instance applied",2018/11/07 0:32:37,2018/11/30 23:59:59,2880,,USD,0,0,0,None,0,39,Compute Engine
160554237,596134326249,,PayerLineItem,6200000001392574134,2018/11/01 0:00:00,2018/11/30 23:59:59,2018/12/03 7:54:24,Pioneer Works,,,,AmazonEC2,Amazon Elastic Compute Cloud,"Amazon Web Services, Inc.",USW2-BoxUsage:c5.2xlarge,RunInstances,214123271,"Linux/UNIX (Amazon VPC), c5.2xlarge reserved instance applied",2018/11/07 0:32:37,2018/11/30 23:59:59,5429.485417,,USD,0,0,0,None,0,40,Compute Engine
160554237,596134326249,,PayerLineItem,6200000001392574137,2018/11/01 0:00:00,2018/11/30 23:59:59,2018/12/03 7:54:24,Pioneer Works,,,,AmazonEC2,Amazon Elastic Compute Cloud,"Amazon Web Services, Inc.",USW2-BoxUsage:c5.2xlarge,RunInstances,214082154,"Linux/UNIX (Amazon VPC), c5.4xlarge reserved instance applied",2018/11/07 0:32:37,2018/11/30 23:59:59,1482.514584,,USD,0,0,0,None,0,41,Compute Engine
160554237,596134326249,,PayerLineItem,6200000001392778918,2018/11/01 0:00:00,2018/11/30 23:59:59,2018/12/03 7:54:24,Pioneer Works,,,,AWSDataTransfer,AWS Data Transfer,"Amazon Web Services, Inc.",USW2-USE2-AWS-In-Bytes,,301278560,$0.00 per GB - US West (Oregon) data transfer from US East (Ohio),2018/11/01 0:00:00,2018/11/30 23:59:59,0.04678735,,USD,0,0,0,None,0,42,Network Egress
160554237,596134326249,,PayerLineItem,6200000001392778919,2018/11/01 0:00:00,2018/11/30 23:59:59,2018/12/03 7:54:24,Pioneer Works,,,,AWSDataTransfer,AWS Data Transfer,"Amazon Web Services, Inc.",USW2-USE1-AWS-In-Bytes,,301279261,$0.00 per GB - US West (Oregon) data transfer from US East (Northern Virginia),2018/11/01 0:00:00,2018/11/30 23:59:59,497.1531434,,USD,0,0,0,None,0,43,Network Egress
160554237,596134326249,,PayerLineItem,6200000001392778920,2018/11/01 0:00:00,2018/11/30 23:59:59,2018/12/03 7:54:24,Pioneer Works,,,,AWSDataTransfer,AWS Data Transfer,"Amazon Web Services, Inc.",USW2-EUW2-AWS-Out-Bytes,,301278598,$0.02 per GB - US West (Oregon) data transfer to EU (London),2018/11/01 0:00:00,2018/11/30 23:59:59,0.00158477,,USD,0,0,0,None,0,44,Network Egress
160554237,596134326249,,PayerLineItem,6200000001392778921,2018/11/01 0:00:00,2018/11/30 23:59:59,2018/12/03 7:54:24,Pioneer Works,,,,AWSDataTransfer,AWS Data Transfer,"Amazon Web Services, Inc.",USW2-CAN1-AWS-In-Bytes,,301278709,$0.00 per GB - US West (Oregon) data transfer from Canada (Central),2018/11/01 0:00:00,2018/11/30 23:59:59,0.00764616,,USD,0,0,0,None,0,45,Network Egress
160554237,596134326249,,PayerLineItem,6200000001392778922,2018/11/01 0:00:00,2018/11/30 23:59:59,2018/12/03 7:54:24,Pioneer Works,,,,AWSDataTransfer,AWS Data Transfer,"Amazon Web Services, Inc.",USW2-EU-AWS-Out-Bytes,,301279458,$0.02 per GB - US West (Oregon) data transfer to EU (Ireland),2018/11/01 0:00:00,2018/11/30 23:59:59,0.49714602,,USD,0.01,0,0,None,0.01,46,Network Egress
160554237,596134326249,,PayerLineItem,6200000001392778923,2018/11/01 0:00:00,2018/11/30 23:59:59,2018/12/03 7:54:24,Pioneer Works,,,,AWSDataTransfer,AWS Data Transfer,"Amazon Web Services, Inc.",USW1-USE1-AWS-In-Bytes,,301456506,$0.00 per GB - US West (Northern California) data transfer from US East (Northern Virginia),2018/11/01 0:00:00,2018/11/30 23:59:59,0.02241245,,USD,0,0,0,None,0,47,Network Egress
160554237,596134326249,,PayerLineItem,6200000001392778924,2018/11/01 0:00:00,2018/11/30 23:59:59,2018/12/03 7:54:24,Pioneer Works,,,,AmazonSNS,Amazon Simple Notification Service,"Amazon Web Services, Inc.",USE2-Requests-Tier1,,301344001,"First 1,000,000 Amazon SNS API Requests per month are free",2018/11/01 0:00:00,2018/11/30 23:59:59,1361,,USD,0,0,0,None,0,48,Pub/Sub
160554237,596134326249,,PayerLineItem,6200000001392778925,2018/11/01 0:00:00,2018/11/30 23:59:59,2018/12/03 7:54:24,Pioneer Works,,,,AWSDataTransfer,AWS Data Transfer,"Amazon Web Services, Inc.",USW2-EUW3-AWS-Out-Bytes,,301278505,$0.02 per GB - US West (Oregon) data transfer to EU (Paris),2018/11/01 0:00:00,2018/11/30 23:59:59,0.00005344,,USD,0,0,0,None,0,49,Network Egress
160554237,596134326249,,PayerLineItem,6200000001392778926,2018/11/01 0:00:00,2018/11/30 23:59:59,2018/12/03 7:54:24,Pioneer Works,,,,AmazonSNS,Amazon Simple Notification Service,"Amazon Web Services, Inc.",USW2-DeliveryAttempts-LAMBDA,,301343992,There is no charge for Lambda Notifications,2018/11/01 0:00:00,2018/11/30 23:59:59,11,,USD,0,0,0,None,0,50,Pub/Sub
160554237,596134326249,,PayerLineItem,6200000001392778927,2018/11/01 0:00:00,2018/11/30 23:59:59,2018/12/03 7:54:24,Pioneer Works,,,,AWSDataTransfer,AWS Data Transfer,"Amazon Web Services, Inc.",USW2-USE1-AWS-Out-Bytes,,301279550,$0.02 per GB - US West (Oregon) data transfer to US East (Northern Virginia),2018/11/01 0:00:00,2018/11/30 23:59:59,2326.048626,,USD,46.52,0,0,None,46.52,51,Network Egress
160554237,596134326249,,PayerLineItem,6200000001392778928,2018/11/01 0:00:00,2018/11/30 23:59:59,2018/12/03 7:54:24,Pioneer Works,,,,AWSDataTransfer,AWS Data Transfer,"Amazon Web Services, Inc.",USW2-CloudFront-Out-Bytes,,301456772,$0.00 per GB data transfer out of US West (Oregon) to CloudFront,2018/11/01 0:00:00,2018/11/30 23:59:59,16.60526947,,USD,0,0,0,None,0,52,Network Egress
160554237,596134326249,,PayerLineItem,6200000001392778929,2018/11/01 0:00:00,2018/11/30 23:59:59,2018/12/03 7:54:24,Pioneer Works,,,,AWSDataTransfer,AWS Data Transfer,"Amazon Web Services, Inc.",USW2-APS1-AWS-Out-Bytes,,301456862,$0.02 per GB - US West (Oregon) data transfer to Asia Pacific (Singapore),2018/11/01 0:00:00,2018/11/30 23:59:59,1.73865898,,USD,0.03,0,0,None,0.03,53,Network Egress
160554237,596134326249,,PayerLineItem,6200000001392778930,2018/11/01 0:00:00,2018/11/30 23:59:59,2018/12/03 7:54:24,Pioneer Works,,,,AmazonSNS,Amazon Simple Notification Service,"Amazon Web Services, Inc.",EUC1-Requests-Tier1,,301343926,"First 1,000,000 Amazon SNS API Requests per month are free",2018/11/01 0:00:00,2018/11/30 23:59:59,2881,,USD,0,0,0,None,0,54,Pub/Sub
160554237,596134326249,,PayerLineItem,6200000001392778931,2018/11/01 0:00:00,2018/11/30 23:59:59,2018/12/03 7:54:24,Pioneer Works,,,,AWSDataTransfer,AWS Data Transfer,"Amazon Web Services, Inc.",USW2-APN3-AWS-Out-Bytes,,301279664,$0.02 per GB - US West (Oregon) data transfer to Asia Pacific (Osaka-Local),2018/11/01 0:00:00,2018/11/30 23:59:59,0.00000435,,USD,0,0,0,None,0,55,Network Egress
160554237,596134326249,,PayerLineItem,6200000001392778932,2018/11/01 0:00:00,2018/11/30 23:59:59,2018/12/03 7:54:24,Pioneer Works,,,,AmazonCloudFront,Amazon CloudFront,"Amazon Web Services, Inc.",ZA-Requests-HTTPS-Proxy,,281246410,"$0.0120 per 10,000 Proxy HTTPS Requests (South Africa)",2018/11/01 0:00:00,2018/11/30 23:59:59,15,,USD,0,0,0,None,0,56,Cloud CDN
160554237,596134326249,,PayerLineItem,6200000001392778933,2018/11/01 0:00:00,2018/11/30 23:59:59,2018/12/03 7:54:24,Pioneer Works,,,,AmazonSNS,Amazon Simple Notification Service,"Amazon Web Services, Inc.",USW1-DeliveryAttempts-GCM,,301344045,"$0.50 per 1,000,000 Mobile Push Notifications per month thereafter",2018/11/01 0:00:00,2018/11/30 23:59:59,9938449,,USD,4.97,0,0,None,4.97,57,Pub/Sub
160554237,596134326249,,PayerLineItem,6200000001392778934,2018/11/01 0:00:00,2018/11/30 23:59:59,2018/12/03 7:54:24,Pioneer Works,,,,AWSDataTransfer,AWS Data Transfer,"Amazon Web Services, Inc.",USW2-USW1-AWS-Out-Bytes,,301456477,$0.02 per GB - US West (Oregon) data transfer to US West (Northern California),2018/11/01 0:00:00,2018/11/30 23:59:59,550.5421551,,USD,11.01,0,0,None,11.01,58,Network Egress
160554237,596134326249,,PayerLineItem,6200000001392778935,2018/11/01 0:00:00,2018/11/30 23:59:59,2018/12/03 7:54:24,Pioneer Works,,,,AWSDataTransfer,AWS Data Transfer,"Amazon Web Services, Inc.",USW2-APS1-AWS-In-Bytes,,301278689,$0.00 per GB - US West (Oregon) data transfer from Asia Pacific (Singapore),2018/11/01 0:00:00,2018/11/30 23:59:59,0.02289621,,USD,0,0,0,None,0,59,Network Egress
160554237,596134326249,,PayerLineItem,6200000001392778936,2018/11/01 0:00:00,2018/11/30 23:59:59,2018/12/03 7:54:24,Pioneer Works,,,,AmazonSNS,Amazon Simple Notification Service,"Amazon Web Services, Inc.",USW2-Requests-Tier1,,301343986,"First 1,000,000 Amazon SNS API Requests per month are free",2018/11/01 0:00:00,2018/11/30 23:59:59,2938,,USD,0,0,0,None,0,60,Pub/Sub
160554237,596134326249,,PayerLineItem,6200000001392778937,2018/11/01 0:00:00,2018/11/30 23:59:59,2018/12/03 7:54:24,Pioneer Works,,,,AWSDataTransfer,AWS Data Transfer,"Amazon Web Services, Inc.",USW2-EU-AWS-In-Bytes,,301279968,$0.00 per GB - US West (Oregon) data transfer from EU (Ireland),2018/11/01 0:00:00,2018/11/30 23:59:59,0.05893736,,USD,0,0,0,None,0,61,Network Egress
160554237,596134326249,,PayerLineItem,6200000001392778938,2018/11/01 0:00:00,2018/11/30 23:59:59,2018/12/03 7:54:24,Pioneer Works,,,,AWSDataTransfer,AWS Data Transfer,"Amazon Web Services, Inc.",USW2-EUC1-AWS-Out-Bytes,,301279104,$0.02 per GB - US West (Oregon) data transfer to EU (Germany),2018/11/01 0:00:00,2018/11/30 23:59:59,0.02583678,,USD,0,0,0,None,0,62,Network Egress
160554237,596134326249,,PayerLineItem,6200000001392778939,2018/11/01 0:00:00,2018/11/30 23:59:59,2018/12/03 7:54:24,Pioneer Works,,,,AWSDataTransfer,AWS Data Transfer,"Amazon Web Services, Inc.",USW2-USW1-AWS-In-Bytes,,301278706,$0.00 per GB - US West (Oregon) data transfer from US West (Northern California),2018/11/01 0:00:00,2018/11/30 23:59:59,500.6103372,,USD,0,0,0,None,0,63,Network Egress
160554237,596134326249,,PayerLineItem,6200000001392778940,2018/11/01 0:00:00,2018/11/30 23:59:59,2018/12/03 7:54:24,Pioneer Works,,,,AWSDataTransfer,AWS Data Transfer,"Amazon Web Services, Inc.",USW2-USE2-AWS-Out-Bytes,,301279663,$0.02 per GB - US West (Oregon) data transfer to US East (Ohio),2018/11/01 0:00:00,2018/11/30 23:59:59,0.21484313,,USD,0,0,0,None,0,64,Network Egress
160554237,596134326249,,PayerLineItem,6200000001392778941,2018/11/01 0:00:00,2018/11/30 23:59:59,2018/12/03 7:54:24,Pioneer Works,,,,AWSDataTransfer,AWS Data Transfer,"Amazon Web Services, Inc.",USW2-APN1-AWS-In-Bytes,,301280097,$0.00 per GB - US West (Oregon) data transfer from Asia Pacific (Tokyo),2018/11/01 0:00:00,2018/11/30 23:59:59,0.02558743,,USD,0,0,0,None,0,65,Network Egress
160554237,596134326249,,PayerLineItem,6200000001392778942,2018/11/01 0:00:00,2018/11/30 23:59:59,2018/12/03 7:54:24,Pioneer Works,,,,AWSDataTransfer,AWS Data Transfer,"Amazon Web Services, Inc.",USW2-APS2-AWS-In-Bytes,,301456686,$0.00 per GB - US West (Oregon) data transfer from Asia Pacific (Sydney),2018/11/01 0:00:00,2018/11/30 23:59:59,0.08223577,,USD,0,0,0,None,0,66,Network Egress
160554237,596134326249,,PayerLineItem,6200000001392778943,2018/11/01 0:00:00,2018/11/30 23:59:59,2018/12/03 7:54:24,Pioneer Works,,,,AWSDataTransfer,AWS Data Transfer,"Amazon Web Services, Inc.",USW2-SAE1-AWS-Out-Bytes,,301279827,$0.02 per GB - US West (Oregon) data transfer to South America (Sao Paulo),2018/11/01 0:00:00,2018/11/30 23:59:59,0.00125923,,USD,0,0,0,None,0,67,Network Egress
160554237,596134326249,,PayerLineItem,6200000001392778944,2018/11/01 0:00:00,2018/11/30 23:59:59,2018/12/03 7:54:24,Pioneer Works,,,,AmazonSNS,Amazon Simple Notification Service,"Amazon Web Services, Inc.",USW2-DeliveryAttempts-SMTP,,301343989,"First 1,000 Amazon SNS Email/Email-JSON Notifications per month are free",2018/11/01 0:00:00,2018/11/30 23:59:59,3,,USD,0,0,0,None,0,68,Pub/Sub
160554237,596134326249,,PayerLineItem,6200000001392778945,2018/11/01 0:00:00,2018/11/30 23:59:59,2018/12/03 7:54:24,Pioneer Works,,,,AmazonSNS,Amazon Simple Notification Service,"Amazon Web Services, Inc.",Requests-Tier1,,301344191,"First 1,000,000 Amazon SNS API Requests per month are free",2018/11/01 0:00:00,2018/11/30 23:59:59,2881,,USD,0,0,0,None,0,69,Pub/Sub
160554237,596134326249,,PayerLineItem,6200000001392778946,2018/11/01 0:00:00,2018/11/30 23:59:59,2018/12/03 7:54:24,Pioneer Works,,,,AWSDataTransfer,AWS Data Transfer,"Amazon Web Services, Inc.",USE1-USW2-AWS-Out-Bytes,,301278774,$0.02 per GB - US East (Northern Virginia) data transfer to US West (Oregon),2018/11/01 0:00:00,2018/11/30 23:59:59,1.44814282,,USD,0.03,0,0,None,0.03,70,Network Egress
160554237,596134326249,,PayerLineItem,6200000001392778947,2018/11/01 0:00:00,2018/11/30 23:59:59,2018/12/03 7:54:24,Pioneer Works,,,,AWSDataTransfer,AWS Data Transfer,"Amazon Web Services, Inc.",USW1-USE1-AWS-Out-Bytes,,301279750,$0.02 per GB - US West (Northern California) data transfer to US East (Northern Virginia),2018/11/01 0:00:00,2018/11/30 23:59:59,0.00039629,,USD,0,0,0,None,0,71,Network Egress
160554237,596134326249,,PayerLineItem,6200000001392778948,2018/11/01 0:00:00,2018/11/30 23:59:59,2018/12/03 7:54:24,Pioneer Works,,,,AmazonSNS,Amazon Simple Notification Service,"Amazon Web Services, Inc.",USW1-DeliveryAttempts-APNS,,301344040,"$0.50 per 1,000,000 Mobile Push Notifications per month thereafter",2018/11/01 0:00:00,2018/11/30 23:59:59,36672755,,USD,18.34,0,0,None,18.34,72,Pub/Sub
160554237,596134326249,,PayerLineItem,6200000001392778949,2018/11/01 0:00:00,2018/11/30 23:59:59,2018/12/03 7:54:24,Pioneer Works,,,,AWSDataTransfer,AWS Data Transfer,"Amazon Web Services, Inc.",USW1-USW2-AWS-In-Bytes,,301279825,$0.00 per GB - US West (Northern California) data transfer from US West (Oregon),2018/11/01 0:00:00,2018/11/30 23:59:59,0.20439069,,USD,0,0,0,None,0,73,Network Egress
160554237,596134326249,,PayerLineItem,6200000001392778950,2018/11/01 0:00:00,2018/11/30 23:59:59,2018/12/03 7:54:24,Pioneer Works,,,,AWSDataTransfer,AWS Data Transfer,"Amazon Web Services, Inc.",USW2-SAE1-AWS-In-Bytes,,301279669,$0.00 per GB - US West (Oregon) data transfer from South America (Sao Paulo),2018/11/01 0:00:00,2018/11/30 23:59:59,0.00801065,,USD,0,0,0,None,0,74,Network Egress
160554237,596134326249,,PayerLineItem,6200000001392778951,2018/11/01 0:00:00,2018/11/30 23:59:59,2018/12/03 7:54:24,Pioneer Works,,,,AmazonCloudFront,Amazon CloudFront,"Amazon Web Services, Inc.",ZA-DataTransfer-Out-OBytes,,281246347,$0.060 per GB - All data transfer out to Origin (South Africa),2018/11/01 0:00:00,2018/11/30 23:59:59,0.00001516,,USD,0,0,0,None,0,75,Cloud CDN
160554237,596134326249,,PayerLineItem,6200000001392778952,2018/11/01 0:00:00,2018/11/30 23:59:59,2018/12/03 7:54:24,Pioneer Works,,,,AWSDataTransfer,AWS Data Transfer,"Amazon Web Services, Inc.",USW2-APN2-AWS-In-Bytes,,301278923,$0.00 per GB - US West (Oregon) data transfer from Asia Pacific (Seoul),2018/11/01 0:00:00,2018/11/30 23:59:59,0.00767196,,USD,0,0,0,None,0,76,Network Egress
160554237,596134326249,,PayerLineItem,6200000001392778953,2018/11/01 0:00:00,2018/11/30 23:59:59,2018/12/03 7:54:24,Pioneer Works,,,,AmazonSNS,Amazon Simple Notification Service,"Amazon Web Services, Inc.",USW1-DeliveryAttempts-HTTP,,301344038,"First 100,000 Amazon SNS HTTP/HTTPS Notifications per month are free",2018/11/01 0:00:00,2018/11/30 23:59:59,100000,,USD,0,0,0,None,0,77,Pub/Sub
160554237,596134326249,,PayerLineItem,6200000001392778954,2018/11/01 0:00:00,2018/11/30 23:59:59,2018/12/03 7:54:24,Pioneer Works,,,,AWSDataTransfer,AWS Data Transfer,"Amazon Web Services, Inc.",USW2-CloudFront-In-Bytes,,301279838,$0.00 per GB data transfer in to US West (Oregon) from CloudFront,2018/11/01 0:00:00,2018/11/30 23:59:59,3.8671016,,USD,0,0,0,None,0,78,Network Egress
160554237,596134326249,,PayerLineItem,6200000001392778955,2018/11/01 0:00:00,2018/11/30 23:59:59,2018/12/03 7:54:24,Pioneer Works,,,,AWSDataTransfer,AWS Data Transfer,"Amazon Web Services, Inc.",USW2-APS3-AWS-Out-Bytes,,301278908,$0.02 per GB - US West (Oregon) data transfer to Asia Pacific (Mumbai),2018/11/01 0:00:00,2018/11/30 23:59:59,0.00313659,,USD,0,0,0,None,0,79,Network Egress
160554237,596134326249,,PayerLineItem,6200000001392778956,2018/11/01 0:00:00,2018/11/30 23:59:59,2018/12/03 7:54:24,Pioneer Works,,,,AmazonSNS,Amazon Simple Notification Service,"Amazon Web Services, Inc.",USW1-Requests-Tier1,,301344037,"$0.50 per 1,000,000 Amazon SNS API Requests per month thereafter",2018/11/01 0:00:00,2018/11/30 23:59:59,85552519,,USD,42.78,0,0,None,42.78,80,Pub/Sub
160554237,596134326249,,PayerLineItem,6200000001392778957,2018/11/01 0:00:00,2018/11/30 23:59:59,2018/12/03 7:54:24,Pioneer Works,,,,AWSDataTransfer,AWS Data Transfer,"Amazon Web Services, Inc.",USE1-CloudFront-Out-Bytes,,301457023,$0.00 per GB data transfer out of US East (Northern Virginia) to CloudFront,2018/11/01 0:00:00,2018/11/30 23:59:59,0.00016156,,USD,0,0,0,None,0,81,Network Egress
160554237,596134326249,,PayerLineItem,6200000001392778958,2018/11/01 0:00:00,2018/11/30 23:59:59,2018/12/03 7:54:24,Pioneer Works,,,,AWSDataTransfer,AWS Data Transfer,"Amazon Web Services, Inc.",EUC1-USE1-AWS-Out-Bytes,,301456811,$0.02 per GB - EU (Germany) data transfer to US East (Northern Virginia),2018/11/01 0:00:00,2018/11/30 23:59:59,0.00006139,,USD,0,0,0,None,0,82,Network Egress
160554237,596134326249,,PayerLineItem,6200000001392778959,2018/11/01 0:00:00,2018/11/30 23:59:59,2018/12/03 7:54:24,Pioneer Works,,,,AWSDataTransfer,AWS Data Transfer,"Amazon Web Services, Inc.",USW2-EUC1-AWS-In-Bytes,,301279644,$0.00 per GB - US West (Oregon) data transfer from EU (Germany),2018/11/01 0:00:00,2018/11/30 23:59:59,0.0271364,,USD,0,0,0,None,0,83,Network Egress
160554237,596134326249,,PayerLineItem,6200000001392778961,2018/11/01 0:00:00,2018/11/30 23:59:59,2018/12/03 7:54:24,Pioneer Works,,,,AWSDataTransfer,AWS Data Transfer,"Amazon Web Services, Inc.",USW2-APS2-AWS-Out-Bytes,,301279814,$0.02 per GB - US West (Oregon) data transfer to Asia Pacific (Sydney),2018/11/01 0:00:00,2018/11/30 23:59:59,0.00451853,,USD,0,0,0,None,0,84,Network Egress
160554237,596134326249,,PayerLineItem,6200000001392778962,2018/11/01 0:00:00,2018/11/30 23:59:59,2018/12/03 7:54:24,Pioneer Works,,,,AWSDataTransfer,AWS Data Transfer,"Amazon Web Services, Inc.",USW1-DataTransfer-In-Bytes,,301279077,$0.000 per GB - data transfer in per month,2018/11/01 0:00:00,2018/11/30 23:59:59,205.8307235,,USD,0,0,0,None,0,85,Network Egress
160554237,596134326249,,PayerLineItem,6200000001392778963,2018/11/01 0:00:00,2018/11/30 23:59:59,2018/12/03 7:54:24,Pioneer Works,,,,AmazonSNS,Amazon Simple Notification Service,"Amazon Web Services, Inc.",USW1-DeliveryAttempts-GCM,,301343649,"First 1,000,000 Mobile Push Notifications per month are free",2018/11/01 0:00:00,2018/11/30 23:59:59,1000000,,USD,0,0,0,None,0,86,Pub/Sub
160554237,596134326249,,PayerLineItem,6200000001392778964,2018/11/01 0:00:00,2018/11/30 23:59:59,2018/12/03 7:54:24,Pioneer Works,,,,AWSDataTransfer,AWS Data Transfer,"Amazon Web Services, Inc.",USW2-APN2-AWS-Out-Bytes,,301279073,$0.02 per GB - US West (Oregon) data transfer to Asia Pacific (Seoul),2018/11/01 0:00:00,2018/11/30 23:59:59,0.00042952,,USD,0,0,0,None,0,87,Network Egress
160554237,596134326249,,PayerLineItem,6200000001392778965,2018/11/01 0:00:00,2018/11/30 23:59:59,2018/12/03 7:54:24,Pioneer Works,,,,AWSDataTransfer,AWS Data Transfer,"Amazon Web Services, Inc.",USW2-CAN1-AWS-Out-Bytes,,301280115,$0.02 per GB - US West (Oregon) data transfer to Canada (Central),2018/11/01 0:00:00,2018/11/30 23:59:59,0.0002189,,USD,0,0,0,None,0,88,Network Egress
160554237,596134326249,,PayerLineItem,6200000001392778966,2018/11/01 0:00:00,2018/11/30 23:59:59,2018/12/03 7:54:24,Pioneer Works,,,,AWSDataTransfer,AWS Data Transfer,"Amazon Web Services, Inc.",USW2-DataTransfer-Out-Bytes,,301279990,$0.090 per GB - first 10 TB / month data transfer out beyond the global free tier,2018/11/01 0:00:00,2018/11/30 23:59:59,5874.997876,,USD,528.75,0,0,None,528.75,89,Network Egress
160554237,596134326249,,PayerLineItem,6200000001392778967,2018/11/01 0:00:00,2018/11/30 23:59:59,2018/12/03 7:54:24,Pioneer Works,,,,AWSDataTransfer,AWS Data Transfer,"Amazon Web Services, Inc.",USW2-APN3-AWS-In-Bytes,,301280030,$0.00 per GB - US West (Oregon) data transfer from Asia Pacific (Osaka-Local),2018/11/01 0:00:00,2018/11/30 23:59:59,0.00001369,,USD,0,0,0,None,0,90,Network Egress
160554237,596134326249,,PayerLineItem,6200000001392778968,2018/11/01 0:00:00,2018/11/30 23:59:59,2018/12/03 7:54:24,Pioneer Works,,,,AWSDataTransfer,AWS Data Transfer,"Amazon Web Services, Inc.",USW1-DataTransfer-Out-Bytes,,301278718,$0.000 per GB - first 1 GB of data transferred out per month,2018/11/01 0:00:00,2018/11/30 23:59:59,1,,USD,0,0,0,None,0,91,Network Egress
160554237,596134326249,,PayerLineItem,6200000001392778969,2018/11/01 0:00:00,2018/11/30 23:59:59,2018/12/03 7:54:24,Pioneer Works,,,,AmazonSNS,Amazon Simple Notification Service,"Amazon Web Services, Inc.",USW1-DeliveryAttempts-SMTP,,301344047,"First 1,000 Amazon SNS Email/Email-JSON Notifications per month are free",2018/11/01 0:00:00,2018/11/30 23:59:59,51,,USD,0,0,0,None,0,92,Pub/Sub
160554237,596134326249,,PayerLineItem,6200000001392778970,2018/11/01 0:00:00,2018/11/30 23:59:59,2018/12/03 7:54:24,Pioneer Works,,,,AmazonSNS,Amazon Simple Notification Service,"Amazon Web Services, Inc.",USW1-DeliveryAttempts-APNS_SB,,301344043,"$0.50 per 1,000,000 Mobile Push Notifications per month thereafter",2018/11/01 0:00:00,2018/11/30 23:59:59,111,,USD,0,0,0,None,0,93,Pub/Sub
160554237,596134326249,,PayerLineItem,6200000001392778971,2018/11/01 0:00:00,2018/11/30 23:59:59,2018/12/03 7:54:24,Pioneer Works,,,,AWSDataTransfer,AWS Data Transfer,"Amazon Web Services, Inc.",DataTransfer-In-Bytes,,301279594,$0.000 per GB - data transfer in per month,2018/11/01 0:00:00,2018/11/30 23:59:59,9.1290765,,USD,0,0,0,None,0,94,Network Egress
160554237,596134326249,,PayerLineItem,6200000001392778972,2018/11/01 0:00:00,2018/11/30 23:59:59,2018/12/03 7:54:24,Pioneer Works,,,,AWSDataTransfer,AWS Data Transfer,"Amazon Web Services, Inc.",USW1-DataTransfer-Out-Bytes,,301278719,$0.090 per GB - first 10 TB / month data transfer out beyond the global free tier,2018/11/01 0:00:00,2018/11/30 23:59:59,93.56308316,,USD,8.42,0,0,None,8.42,95,Network Egress
160554237,596134326249,,PayerLineItem,6200000001392778973,2018/11/01 0:00:00,2018/11/30 23:59:59,2018/12/03 7:54:24,Pioneer Works,,,,AWSDataTransfer,AWS Data Transfer,"Amazon Web Services, Inc.",USW1-USW2-AWS-Out-Bytes,,301279980,$0.02 per GB - US West (Northern California) data transfer to US West (Oregon),2018/11/01 0:00:00,2018/11/30 23:59:59,154.4753335,,USD,3.09,0,0,None,3.09,96,Network Egress
160554237,596134326249,,PayerLineItem,6200000001392778974,2018/11/01 0:00:00,2018/11/30 23:59:59,2018/12/03 7:54:24,Pioneer Works,,,,AWSDataTransfer,AWS Data Transfer,"Amazon Web Services, Inc.",USW2-APN1-AWS-Out-Bytes,,301457015,$0.02 per GB - US West (Oregon) data transfer to Asia Pacific (Tokyo),2018/11/01 0:00:00,2018/11/30 23:59:59,1.86497476,,USD,0.04,0,0,None,0.04,97,Network Egress
160554237,596134326249,,PayerLineItem,6200000001392778975,2018/11/01 0:00:00,2018/11/30 23:59:59,2018/12/03 7:54:24,Pioneer Works,,,,AmazonSNS,Amazon Simple Notification Service,"Amazon Web Services, Inc.",USW1-DeliveryAttempts-HTTP,,301344039,"$0.06 per 100,000 Amazon SNS HTTP/HTTPS Notifications thereafter",2018/11/01 0:00:00,2018/11/30 23:59:59,7680408,,USD,4.61,0,0,None,4.61,98,Pub/Sub
160554237,596134326249,,PayerLineItem,6200000001392778976,2018/11/01 0:00:00,2018/11/30 23:59:59,2018/12/03 7:54:24,Pioneer Works,,,,AWSDataTransfer,AWS Data Transfer,"Amazon Web Services, Inc.",USW2-DataTransfer-Regional-Bytes,,301279743,$0.010 per GB - regional data transfer - in/out/between EC2 AZs or using elastic IPs or ELB,2018/11/01 0:00:00,2018/11/30 23:59:59,134585.1423,,USD,1345.85,0,0,None,1345.85,99,Network Egress
160554237,596134326249,,PayerLineItem,6200000001392778977,2018/11/01 0:00:00,2018/11/30 23:59:59,2018/12/03 7:54:24,Pioneer Works,,,,AWSDataTransfer,AWS Data Transfer,"Amazon Web Services, Inc.",USW2-EUW2-AWS-In-Bytes,,301279707,$0.00 per GB - US West (Oregon) data transfer from EU (London),2018/11/01 0:00:00,2018/11/30 23:59:59,0.00746156,,USD,0,0,0,None,0,100,Network Egress
160554237,596134326249,,PayerLineItem,6200000001392778978,2018/11/01 0:00:00,2018/11/30 23:59:59,2018/12/03 7:54:24,Pioneer Works,,,,AWSDataTransfer,AWS Data Transfer,"Amazon Web Services, Inc.",USW2-APS3-AWS-In-Bytes,,301456696,$0.00 per GB - US West (Oregon) data transfer from Asia Pacific (Mumbai),2018/11/01 0:00:00,2018/11/30 23:59:59,0.00774293,,USD,0,0,0,None,0,101,Network Egress
160554237,596134326249,,PayerLineItem,6200000001392778980,2018/11/01 0:00:00,2018/11/30 23:59:59,2018/12/03 7:54:24,Pioneer Works,,,,AWSDataTransfer,AWS Data Transfer,"Amazon Web Services, Inc.",USW2-DataTransfer-In-Bytes,,301279141,$0.000 per GB - data transfer in per month,2018/11/01 0:00:00,2018/11/30 23:59:59,2171.244976,,USD,0,0,0,None,0,102,Network Egress
160554237,596134326249,,PayerLineItem,6200000001392778981,2018/11/01 0:00:00,2018/11/30 23:59:59,2018/12/03 7:54:24,Pioneer Works,,,,AmazonSNS,Amazon Simple Notification Service,"Amazon Web Services, Inc.",USW1-Requests-Tier1,,301344036,"First 1,000,000 Amazon SNS API Requests per month are free",2018/11/01 0:00:00,2018/11/30 23:59:59,1000000,,USD,0,0,0,None,0,103,Pub/Sub
160554237,596134326249,,PayerLineItem,6200000001392778982,2018/11/01 0:00:00,2018/11/30 23:59:59,2018/12/03 7:54:24,Pioneer Works,,,,AWSDataTransfer,AWS Data Transfer,"Amazon Web Services, Inc.",DataTransfer-Out-Bytes,,301456547,$0.000 per GB - first 1 GB of data transferred out per month,2018/11/01 0:00:00,2018/11/30 23:59:59,0.47499112,,USD,0,0,0,None,0,104,Network Egress
160554237,596134326249,,PayerLineItem,6200000001392778983,2018/11/01 0:00:00,2018/11/30 23:59:59,2018/12/03 7:54:24,Pioneer Works,,,,AWSDataTransfer,AWS Data Transfer,"Amazon Web Services, Inc.",USW2-EUW3-AWS-In-Bytes,,301279797,$0.00 per GB - US West (Oregon) data transfer from EU (Paris),2018/11/01 0:00:00,2018/11/30 23:59:59,0.00751878,,USD,0,0,0,None,0,105,Network Egress
160554237,596134326249,,PayerLineItem,6200000001392778984,2018/11/01 0:00:00,2018/11/30 23:59:59,2018/12/03 7:54:24,Pioneer Works,,,,AWSDataTransfer,AWS Data Transfer,"Amazon Web Services, Inc.",USW2-DataTransfer-Out-Bytes,,301279989,$0.000 per GB - first 1 GB of data transferred out per month,2018/11/01 0:00:00,2018/11/30 23:59:59,1,,USD,0,0,0,None,0,106,Network Egress
160554237,596134326249,,PayerLineItem,6200000001395518526,2018/11/01 0:00:00,2018/11/30 23:59:59,2018/12/03 7:54:24,Pioneer Works,,,,awskms,AWS Key Management Service,"Amazon Web Services, Inc.",us-east-1-KMS-Requests,,299696067,$0.00 per request - Monthly Global Free Tier for KMS requests,2018/11/01 0:00:00,2018/11/30 23:59:59,2,,USD,0,0,0,None,0,107,Others
160554237,596134326249,,PayerLineItem,6200000001395518527,2018/11/01 0:00:00,2018/11/30 23:59:59,2018/12/03 7:54:24,Pioneer Works,,,,awskms,AWS Key Management Service,"Amazon Web Services, Inc.",us-west-2-KMS-Requests,,299696062,$0.00 per request - Monthly Global Free Tier for KMS requests,2018/11/01 0:00:00,2018/11/30 23:59:59,1289,,USD,0,0,0,None,0,108,Others
160554237,596134326249,,PayerLineItem,6200000001395518529,2018/11/01 0:00:00,2018/11/30 23:59:59,2018/12/03 7:54:24,Pioneer Works,,,,AWSCloudTrail,AWS CloudTrail,"Amazon Web Services, Inc.",APN2-FreeEventsRecorded,,300551426,0.0 per free event recorded in Asia Pacific (Seoul) region,2018/11/01 0:00:00,2018/11/30 23:59:59,32006,,USD,0,0,0,None,0,109,Others
160554237,596134326249,,PayerLineItem,6200000001395518533,2018/11/01 0:00:00,2018/11/30 23:59:59,2018/12/03 7:54:24,Pioneer Works,,,,AWSCloudTrail,AWS CloudTrail,"Amazon Web Services, Inc.",EUW2-FreeEventsRecorded,,300551410,0.0 per free event recorded in EU (London) region,2018/11/01 0:00:00,2018/11/30 23:59:59,30573,,USD,0,0,0,None,0,110,Others
160554237,596134326249,,PayerLineItem,6200000001395518538,2018/11/01 0:00:00,2018/11/30 23:59:59,2018/12/03 7:54:24,Pioneer Works,,,,AWSCloudTrail,AWS CloudTrail,"Amazon Web Services, Inc.",APS2-FreeEventsRecorded,,300551449,0.0 per free event recorded in Asia Pacific (Sydney) region,2018/11/01 0:00:00,2018/11/30 23:59:59,33432,,USD,0,0,0,None,0,111,Others
160554237,596134326249,,PayerLineItem,6200000001395518541,2018/11/01 0:00:00,2018/11/30 23:59:59,2018/12/03 7:54:24,Pioneer Works,,,,awskms,AWS Key Management Service,"Amazon Web Services, Inc.",us-west-1-KMS-Keys,,299696078,$1 per customer managed KMS key version,2018/11/01 0:00:00,2018/11/30 23:59:59,2.0000016,,USD,2,0,0,None,2,112,Others
160554237,596134326249,,PayerLineItem,6200000001395518546,2018/11/01 0:00:00,2018/11/30 23:59:59,2018/12/03 7:54:24,Pioneer Works,,,,AWSCloudTrail,AWS CloudTrail,"Amazon Web Services, Inc.",EUC1-FreeEventsRecorded,,300551402,0.0 per free event recorded in EU (Frankfurt) region,2018/11/01 0:00:00,2018/11/30 23:59:59,225309,,USD,0,0,0,None,0,113,Others
160554237,596134326249,,PayerLineItem,6200000001395518548,2018/11/01 0:00:00,2018/11/30 23:59:59,2018/12/03 7:54:24,Pioneer Works,,,,awskms,AWS Key Management Service,"Amazon Web Services, Inc.",us-east-1-KMS-Keys,,299696085,$1 per customer managed KMS key version,2018/11/01 0:00:00,2018/11/30 23:59:59,1.99722382,,USD,2,0,0,None,2,114,Others
160554237,596134326249,,PayerLineItem,6200000001395518550,2018/11/01 0:00:00,2018/11/30 23:59:59,2018/12/03 7:54:24,Pioneer Works,,,,AWSCloudTrail,AWS CloudTrail,"Amazon Web Services, Inc.",CAN1-FreeEventsRecorded,,300551425,0.0 per free event recorded in Canada (Central) region,2018/11/01 0:00:00,2018/11/30 23:59:59,31990,,USD,0,0,0,None,0,115,Others
160554237,596134326249,,PayerLineItem,6200000001395518551,2018/11/01 0:00:00,2018/11/30 23:59:59,2018/12/03 7:54:24,Pioneer Works,,,,AWSCloudTrail,AWS CloudTrail,"Amazon Web Services, Inc.",APN1-FreeEventsRecorded,,300551399,0.0 per free event recorded in Asia Pacific (Tokyo) region,2018/11/01 0:00:00,2018/11/30 23:59:59,33449,,USD,0,0,0,None,0,116,Others
160554237,596134326249,,PayerLineItem,6200000001395518554,2018/11/01 0:00:00,2018/11/30 23:59:59,2018/12/03 7:54:24,Pioneer Works,,,,AWSCloudTrail,AWS CloudTrail,"Amazon Web Services, Inc.",APS3-FreeEventsRecorded,,300551442,0.0 per free event recorded in Asia Pacific (Mumbai) region,2018/11/01 0:00:00,2018/11/30 23:59:59,32002,,USD,0,0,0,None,0,117,Others
160554237,596134326249,,PayerLineItem,6200000001395518555,2018/11/01 0:00:00,2018/11/30 23:59:59,2018/12/03 7:54:24,Pioneer Works,,,,awskms,AWS Key Management Service,"Amazon Web Services, Inc.",us-west-2-KMS-Keys,,299696087,$1 per customer managed KMS key version,2018/11/01 0:00:00,2018/11/30 23:59:59,1.0000008,,USD,1,0,0,None,1,118,Others
160554237,596134326249,,PayerLineItem,6200000001395518556,2018/11/01 0:00:00,2018/11/30 23:59:59,2018/12/03 7:54:24,Pioneer Works,,,,AWSCloudTrail,AWS CloudTrail,"Amazon Web Services, Inc.",APS1-FreeEventsRecorded,,300551418,0.0 per free event recorded in Asia Pacific (Singapore) region,2018/11/01 0:00:00,2018/11/30 23:59:59,33440,,USD,0,0,0,None,0,119,Others
160554237,596134326249,,PayerLineItem,6200000001395518557,2018/11/01 0:00:00,2018/11/30 23:59:59,2018/12/03 7:54:24,Pioneer Works,,,,AWSCloudTrail,AWS CloudTrail,"Amazon Web Services, Inc.",USE2-FreeEventsRecorded,,300551437,0.0 per free event recorded in US East (Ohio) region,2018/11/01 0:00:00,2018/11/30 23:59:59,123901,,USD,0,0,0,None,0,120,Others
160554237,596134326249,,PayerLineItem,6200000001395518564,2018/11/01 0:00:00,2018/11/30 23:59:59,2018/12/03 7:54:24,Pioneer Works,,,,AWSCloudTrail,AWS CloudTrail,"Amazon Web Services, Inc.",EUW3-FreeEventsRecorded,,300551452,0.0 per free event recorded in EU (Paris) region,2018/11/01 0:00:00,2018/11/30 23:59:59,32011,,USD,0,0,0,None,0,121,Others
160554237,596134326249,,PayerLineItem,6200000001395518565,2018/11/01 0:00:00,2018/11/30 23:59:59,2018/12/03 7:54:24,Pioneer Works,,,,AWSCloudTrail,AWS CloudTrail,"Amazon Web Services, Inc.",USW1-FreeEventsRecorded,,300551444,0.0 per free event recorded in US West (N.California) region,2018/11/01 0:00:00,2018/11/30 23:59:59,31396819,,USD,0,0,0,None,0,122,Others
160554237,596134326249,,PayerLineItem,6200000001395518570,2018/11/01 0:00:00,2018/11/30 23:59:59,2018/12/03 7:54:24,Pioneer Works,,,,AWSCloudTrail,AWS CloudTrail,"Amazon Web Services, Inc.",EU-FreeEventsRecorded,,300551438,0.0 per free event recorded in EU (Dublin) region,2018/11/01 0:00:00,2018/11/30 23:59:59,36325,,USD,0,0,0,None,0,123,Others
160554237,596134326249,,PayerLineItem,6200000001395518575,2018/11/01 0:00:00,2018/11/30 23:59:59,2018/12/03 7:54:24,Pioneer Works,,,,AWSCloudTrail,AWS CloudTrail,"Amazon Web Services, Inc.",USW2-FreeEventsRecorded,,300551416,0.0 per free event recorded in US West (Oregon) region,2018/11/01 0:00:00,2018/11/30 23:59:59,2419856,,USD,0,0,0,None,0,124,Others
160554237,596134326249,,PayerLineItem,6200000001395518576,2018/11/01 0:00:00,2018/11/30 23:59:59,2018/12/03 7:54:24,Pioneer Works,,,,AWSCloudTrail,AWS CloudTrail,"Amazon Web Services, Inc.",USE1-FreeEventsRecorded,,300551406,0.0 per free event recorded in US East (N.Virginia) region,2018/11/01 0:00:00,2018/11/30 23:59:59,352388,,USD,0,0,0,None,0,125,Others
160554237,596134326249,,PayerLineItem,6200000001395518577,2018/11/01 0:00:00,2018/11/30 23:59:59,2018/12/03 7:54:24,Pioneer Works,,,,AWSCloudTrail,AWS CloudTrail,"Amazon Web Services, Inc.",SAE1-FreeEventsRecorded,,300551422,0.0 per free event recorded in South America(Sao Paulo) region,2018/11/01 0:00:00,2018/11/30 23:59:59,33427,,USD,0,0,0,None,0,126,Others
160554237,596134326249,,PayerLineItem,6200000001396699142,2018/11/01 0:00:00,2018/11/30 23:59:59,2018/12/03 7:54:24,Pioneer Works,,,,AmazonRDS,Amazon Relational Database Service,"Amazon Web Services, Inc.",USW2-HeavyUsage:db.r4.4xlarge,CreateDBInstance:0014,220343523,"USD 0.0 hourly fee per PostgreSQL, db.r4.4xlarge instance",2018/11/07 22:28:38,2018/11/30 23:59:59,1660.568333,,USD,0,0,0,None,0,127,Cloud SQL
160554237,596134326249,,PayerLineItem,6200000001396699149,2018/11/01 0:00:00,2018/11/30 23:59:59,2018/12/03 7:54:24,Pioneer Works,,,,AmazonRDS,Amazon Relational Database Service,"Amazon Web Services, Inc.",USW2-InstanceUsage:db.r4.4xlarge,CreateDBInstance:0014,220314525,"PostgreSQL, db.r4.4xlarge reserved instance applied",2018/11/07 22:28:38,2018/11/30 23:59:59,819.5,,USD,0,0,0,None,0,128,Cloud SQL
160554237,596134326249,,PayerLineItem,6200000001396699150,2018/11/01 0:00:00,2018/11/30 23:59:59,2018/12/03 7:54:24,Pioneer Works,,,,AmazonRDS,Amazon Relational Database Service,"Amazon Web Services, Inc.",USW2-Multi-AZUsage:db.r4.4xlarge,CreateDBInstance:0014,220343522,"PostgreSQL, db.r4.4xlarge reserved instance applied",2018/11/07 22:28:38,2018/11/30 23:59:59,409.75,,USD,0,0,0,None,0,129,Cloud SQL
160554237,596134326249,,PayerLineItem,6200000001396699151,2018/11/01 0:00:00,2018/11/30 23:59:59,2018/12/03 7:54:24,Pioneer Works,,,,AmazonRDS,Amazon Relational Database Service,"Amazon Web Services, Inc.",USW2-InstanceUsage:db.r4.4xlarge,CreateDBInstance:0014,220343522,"PostgreSQL, db.r4.4xlarge reserved instance applied",2018/11/07 22:28:38,2018/11/30 23:59:59,842.5,,USD,0,0,0,None,0,130,Cloud SQL
160554237,596134326249,,PayerLineItem,6200000001396699152,2018/11/01 0:00:00,2018/11/30 23:59:59,2018/12/03 7:54:24,Pioneer Works,,,,AmazonRDS,Amazon Relational Database Service,"Amazon Web Services, Inc.",USW2-InstanceUsage:db.r4.2xlarge,CreateDBInstance:0014,220314525,"PostgreSQL, db.r4.4xlarge reserved instance applied",2018/11/07 22:28:38,2018/11/30 23:59:59,577,,USD,0,0,0,None,0,131,Cloud SQL
160554237,596134326249,,PayerLineItem,6200000001396699154,2018/11/01 0:00:00,2018/11/30 23:59:59,2018/12/03 7:54:24,Pioneer Works,,,,AmazonRDS,Amazon Relational Database Service,"Amazon Web Services, Inc.",USW2-HeavyUsage:db.r4.4xlarge,CreateDBInstance:0014,220314526,"USD 0.0 hourly fee per PostgreSQL, db.r4.4xlarge instance",2018/11/07 22:26:58,2018/11/30 23:59:59,553.550556,,USD,0,0,0,None,0,132,Cloud SQL
160554237,596134326249,,PayerLineItem,6200000001400219429,2018/11/01 0:00:00,2018/11/30 23:59:59,2018/12/03 7:54:24,Pioneer Works,,,,AmazonCloudFront,Amazon CloudFront,"Amazon Web Services, Inc.",IN-Requests-Tier1,,281246436,"$0.0090 per 10,000 HTTP Requests (India)",2018/11/01 0:00:00,2018/11/30 23:59:59,14,,USD,0,0,0,None,0,133,Cloud CDN
160554237,596134326249,,PayerLineItem,6200000001404421740,2018/11/01 0:00:00,2018/11/30 23:59:59,2018/12/03 7:54:24,Pioneer Works,,,,AmazonCloudFront,Amazon CloudFront,"Amazon Web Services, Inc.",SA-DataTransfer-Out-OBytes,,281246346,$0.125 per GB - All data transfer out to Origin (South America),2018/11/01 0:00:00,2018/11/30 23:59:59,0.00000361,,USD,0,0,0,None,0,134,Cloud CDN
160554237,596134326249,,PayerLineItem,6200000001404421741,2018/11/01 0:00:00,2018/11/30 23:59:59,2018/12/03 7:54:24,Pioneer Works,,,,AmazonCloudFront,Amazon CloudFront,"Amazon Web Services, Inc.",SA-Requests-HTTPS-Proxy,,281246399,"$0.0220 per 10,000 Proxy HTTPS Requests (South America)",2018/11/01 0:00:00,2018/11/30 23:59:59,3,,USD,0,0,0,None,0,135,Cloud CDN
160554237,596134326249,,PayerLineItem,6200000001407041612,2018/11/01 0:00:00,2018/11/30 23:59:59,2018/12/03 7:54:24,Pioneer Works,,,,AmazonCloudFront,Amazon CloudFront,"Amazon Web Services, Inc.",ZA-Requests-Tier1,,281246411,"$0.0090 per 10,000 HTTP Requests",2018/11/01 0:00:00,2018/11/30 23:59:59,13,,USD,0,0,0,None,0,136,Cloud CDN
160554237,596134326249,,PayerLineItem,6200000001407446930,2018/11/01 0:00:00,2018/11/30 23:59:59,2018/12/03 7:54:24,Pioneer Works,,,,AmazonElastiCache,Amazon ElastiCache,"Amazon Web Services, Inc.",USW2-NodeUsage:cache.m3.large,CreateCacheCluster:0002,303855254,$0.182 per Enhanced Large Cache node-hour (or partial hour) running Redis,2018/11/01 0:00:00,2018/11/30 23:59:59,2160,,USD,393.12,0,0,None,393.12,137,Memorystore
160554237,596134326249,,PayerLineItem,6200000001407446931,2018/11/01 0:00:00,2018/11/30 23:59:59,2018/12/03 7:54:24,Pioneer Works,,,,AmazonCloudFront,Amazon CloudFront,"Amazon Web Services, Inc.",EU-DataTransfer-Out-OBytes,,281246363,$0.020 per GB - All data transfer out to Origin (Europe),2018/11/01 0:00:00,2018/11/30 23:59:59,0.00000803,,USD,0,0,0,None,0,138,Cloud CDN
160554237,596134326249,,PayerLineItem,6200000001407446932,2018/11/01 0:00:00,2018/11/30 23:59:59,2018/12/03 7:54:24,Pioneer Works,,,,AmazonCloudFront,Amazon CloudFront,"Amazon Web Services, Inc.",EU-Requests-HTTPS-Proxy,,281246395,"$0.0120 per 10,000 Proxy HTTPS Requests (Europe)",2018/11/01 0:00:00,2018/11/30 23:59:59,6,,USD,0,0,0,None,0,139,Cloud CDN
160554237,596134326249,,PayerLineItem,6200000001407446933,2018/11/01 0:00:00,2018/11/30 23:59:59,2018/12/03 7:54:24,Pioneer Works,,,,AmazonElastiCache,Amazon ElastiCache,"Amazon Web Services, Inc.",USW2-NodeUsage:cache.t2.medium,CreateCacheCluster:0002,303855235,$0.068 per T2 Medium Cache node-hour (or partial hour) running Redis,2018/11/01 0:00:00,2018/11/30 23:59:59,720,,USD,48.96,0,0,None,48.96,140,Memorystore
160554237,596134326249,,PayerLineItem,6200000001407446934,2018/11/01 0:00:00,2018/11/30 23:59:59,2018/12/03 7:54:24,Pioneer Works,,,,AmazonElastiCache,Amazon ElastiCache,"Amazon Web Services, Inc.",USW2-NodeUsage:cache.m1.small,CreateCacheCluster:0002,303855251,$0.055 per  Small Cache node-hour (or partial hour) running Redis,2018/11/01 0:00:00,2018/11/30 23:59:59,720,,USD,39.6,0,0,None,39.6,141,Memorystore
160554237,596134326249,,PayerLineItem,6200000001407446935,2018/11/01 0:00:00,2018/11/30 23:59:59,2018/12/03 7:54:24,Pioneer Works,,,,AmazonElastiCache,Amazon ElastiCache,"Amazon Web Services, Inc.",USW2-NodeUsage:cache.m3.large,CreateCacheCluster:0001,303855219,$0.182 per Enhanced Large Cache node-hour (or partial hour) running Memcached,2018/11/01 0:00:00,2018/11/30 23:59:59,3600,,USD,655.2,0,0,None,655.2,142,Memorystore
160554237,596134326249,,PayerLineItem,6200000001407446936,2018/11/01 0:00:00,2018/11/30 23:59:59,2018/12/03 7:54:24,Pioneer Works,,,,AmazonKinesisFirehose,Amazon Kinesis Firehose,"Amazon Web Services, Inc.",USW2-BilledBytes,PutRecord,261789478,Tier 1 $0.029 per GB of data ingested,2018/11/01 0:00:00,2018/11/30 23:59:59,13.10572624,,USD,0.38,0,0,None,0.38,143,Others
160554237,596134326249,,PayerLineItem,6200000001407446937,2018/11/01 0:00:00,2018/11/30 23:59:59,2018/12/03 7:54:24,Pioneer Works,,,,AmazonElastiCache,Amazon ElastiCache,"Amazon Web Services, Inc.",USW2-NodeUsage:cache.r3.large,CreateCacheCluster:0002,303855232,$0.228 per Enhanced High Memory Large Cache node-hour (or partial hour) running Redis,2018/11/01 0:00:00,2018/11/30 23:59:59,1440,,USD,328.32,0,0,None,328.32,144,Memorystore
160554237,596134326249,,PayerLineItem,6200000001407446938,2018/11/01 0:00:00,2018/11/30 23:59:59,2018/12/03 7:54:24,Pioneer Works,,,,AmazonElastiCache,Amazon ElastiCache,"Amazon Web Services, Inc.",USW2-NodeUsage:cache.t2.small,CreateCacheCluster:0002,303855201,$0.034 per T2 Small Cache node-hour (or partial hour) running Redis,2018/11/01 0:00:00,2018/11/30 23:59:59,2160,,USD,73.44,0,0,None,73.44,145,Memorystore
160554237,596134326249,,PayerLineItem,6200000001407446939,2018/11/01 0:00:00,2018/11/30 23:59:59,2018/12/03 7:54:24,Pioneer Works,,,,AmazonCloudFront,Amazon CloudFront,"Amazon Web Services, Inc.",AU-Requests-Tier1,,281246429,"$0.0090 per 10,000 HTTP Requests",2018/11/01 0:00:00,2018/11/30 23:59:59,1,,USD,0,0,0,None,0,146,Cloud CDN
160554237,596134326249,,PayerLineItem,6200000001409596361,2018/11/01 0:00:00,2018/11/30 23:59:59,2018/12/03 7:54:24,Pioneer Works,,,,AWSDatabaseMigrationSvc,AWS Database Migration Service,"Amazon Web Services, Inc.",USW2-DMS:Multi-AZ-GP2-Storage,CreateDMSInstance,304991247,$0.23 per GB-month of provisioned GP2 storage for Multi-AZ deployments,2018/11/01 0:00:00,2018/11/30 23:59:59,900,,USD,207,0,0,None,207,147,DB Migration
160554237,596134326249,,PayerLineItem,6200000001409596362,2018/11/01 0:00:00,2018/11/30 23:59:59,2018/12/03 7:54:24,Pioneer Works,,,,AWSDatabaseMigrationSvc,AWS Database Migration Service,"Amazon Web Services, Inc.",USW2-Multi-AZUsg:dms.c4.2xlarge,CreateDMSInstance,304991251,$1.234 per On Demand DMS c4.2xlarge Multi-AZ Instance Hour,2018/11/01 0:00:00,2018/11/30 23:59:59,720,,USD,888.48,0,0,None,888.48,148,DB Migration
160554237,596134326249,,PayerLineItem,6200000001409671677,2018/11/01 0:00:00,2018/11/30 23:59:59,2018/12/03 7:54:24,Pioneer Works,,,,AmazonRedshift,Amazon Redshift,"Amazon Web Services, Inc.",USW2-HeavyUsage:dc2.large,RunComputeNode:0001,210951614,"USD 0.0 hourly fee per Redshift, dc2.large instance",2018/11/07 22:45:50,2018/11/30 23:59:59,11064.72222,,USD,0,0,0,None,0,149,BigQuery
160554237,596134326249,,PayerLineItem,6200000001409671685,2018/11/01 0:00:00,2018/11/30 23:59:59,2018/12/03 7:54:24,Pioneer Works,,,,AmazonRedshift,Amazon Redshift,"Amazon Web Services, Inc.",USW2-Node:dc2.large,RunComputeNode:0001,210951613,"Redshift, dc2.large reserved instance applied",2018/11/07 22:45:50,2018/11/30 23:59:59,11080,,USD,0,0,0,None,0,150,BigQuery
160554237,596134326249,,PayerLineItem,6200000001418782794,2018/11/01 0:00:00,2018/11/30 23:59:59,2018/12/03 7:54:24,Pioneer Works,,,,AmazonCloudWatch,AmazonCloudWatch,"Amazon Web Services, Inc.",USW2-CW:AlarmMonitorUsage,,305676817,$0.10 per alarm metric month (standard resolution) - US West (Oregon),2018/11/01 0:00:00,2018/11/30 23:59:59,9.99791827,,USD,1,0,0,None,1,151,Monitoring
160554237,596134326249,,PayerLineItem,6200000001418782797,2018/11/01 0:00:00,2018/11/30 23:59:59,2018/12/03 7:54:24,Pioneer Works,,,,AmazonCloudWatch,AmazonCloudWatch,"Amazon Web Services, Inc.",USW1-CW:GMD-Metrics,GetMetricData,305676604,"$0.01 per 1,000 metrics requested using GetMetricData API - US West (Northern California)",2018/11/01 0:00:00,2018/11/30 23:59:59,309615,,USD,3.1,0,0,None,3.1,152,Monitoring
160554237,596134326249,,PayerLineItem,6200000001418782799,2018/11/01 0:00:00,2018/11/30 23:59:59,2018/12/03 7:54:24,Pioneer Works,,,,AmazonCloudWatch,AmazonCloudWatch,"Amazon Web Services, Inc.",USW2-CW:AlarmMonitorUsage,,305676469,$0.00 per alarm metric month - first 10 alarm metrics,2018/11/01 0:00:00,2018/11/30 23:59:59,7.9999984,,USD,0,0,0,None,0,153,Monitoring
160554237,596134326249,,PayerLineItem,6200000001418782800,2018/11/01 0:00:00,2018/11/30 23:59:59,2018/12/03 7:54:24,Pioneer Works,,,,AmazonCloudWatch,AmazonCloudWatch,"Amazon Web Services, Inc.",USW1-CW:AlarmMonitorUsage,,305676468,$0.00 per alarm metric month - first 10 alarm metrics,2018/11/01 0:00:00,2018/11/30 23:59:59,2.0000016,,USD,0,0,0,None,0,154,Monitoring
160554237,596134326249,,PayerLineItem,6200000001418782801,2018/11/01 0:00:00,2018/11/30 23:59:59,2018/12/03 7:54:24,Pioneer Works,,,,AmazonCloudWatch,AmazonCloudWatch,"Amazon Web Services, Inc.",CW:Requests,,305676498,"$0.00 per request - first 1,000,000 requests",2018/11/01 0:00:00,2018/11/30 23:59:59,38680,,USD,0,0,0,None,0,155,Monitoring
160554237,596134326249,,PayerLineItem,6200000001418782803,2018/11/01 0:00:00,2018/11/30 23:59:59,2018/12/03 7:54:24,Pioneer Works,,,,AmazonCloudWatch,AmazonCloudWatch,"Amazon Web Services, Inc.",APS1-CW:Requests,,305676494,"$0.00 per request - first 1,000,000 requests",2018/11/01 0:00:00,2018/11/30 23:59:59,2161,,USD,0,0,0,None,0,156,Monitoring
160554237,596134326249,,PayerLineItem,6200000001418782809,2018/11/01 0:00:00,2018/11/30 23:59:59,2018/12/03 7:54:24,Pioneer Works,,,,AmazonCloudWatch,AmazonCloudWatch,"Amazon Web Services, Inc.",APS2-CW:Requests,,305676495,"$0.00 per request - first 1,000,000 requests",2018/11/01 0:00:00,2018/11/30 23:59:59,2161,,USD,0,0,0,None,0,157,Monitoring
160554237,596134326249,,PayerLineItem,6200000001418782810,2018/11/01 0:00:00,2018/11/30 23:59:59,2018/12/03 7:54:24,Pioneer Works,,,,AmazonCloudWatch,AmazonCloudWatch,"Amazon Web Services, Inc.",USE2-CW:Requests,,305676505,"$0.00 per request - first 1,000,000 requests",2018/11/01 0:00:00,2018/11/30 23:59:59,17516,,USD,0,0,0,None,0,158,Monitoring
160554237,596134326249,,PayerLineItem,6200000001418782811,2018/11/01 0:00:00,2018/11/30 23:59:59,2018/12/03 7:54:24,Pioneer Works,,,,AmazonCloudWatch,AmazonCloudWatch,"Amazon Web Services, Inc.",DashboardsUsageHour-Basic,DashboardHour,305676509,First 3 Dashboards per month are free.,2018/11/01 0:00:00,2018/11/30 23:59:59,1.98889048,,USD,0,0,0,None,0,159,Monitoring
160554237,596134326249,,PayerLineItem,6200000001418782814,2018/11/01 0:00:00,2018/11/30 23:59:59,2018/12/03 7:54:24,Pioneer Works,,,,AmazonCloudWatch,AmazonCloudWatch,"Amazon Web Services, Inc.",EUW2-CW:Requests,,305676502,"$0.00 per request - first 1,000,000 requests",2018/11/01 0:00:00,2018/11/30 23:59:59,2161,,USD,0,0,0,None,0,160,Monitoring
160554237,596134326249,,PayerLineItem,6200000001418782816,2018/11/01 0:00:00,2018/11/30 23:59:59,2018/12/03 7:54:24,Pioneer Works,,,,AmazonCloudWatch,AmazonCloudWatch,"Amazon Web Services, Inc.",USW2-CW:Requests,,305676821,"$0.01 per 1,000 requests",2018/11/01 0:00:00,2018/11/30 23:59:59,8781238,,USD,87.81,0,0,None,87.81,161,Monitoring
160554237,596134326249,,PayerLineItem,6200000001418782817,2018/11/01 0:00:00,2018/11/30 23:59:59,2018/12/03 7:54:24,Pioneer Works,,,,AmazonCloudWatch,AmazonCloudWatch,"Amazon Web Services, Inc.",EUW3-CW:Requests,,305676503,"$0.00 per request - first 1,000,000 requests",2018/11/01 0:00:00,2018/11/30 23:59:59,2161,,USD,0,0,0,None,0,162,Monitoring
160554237,596134326249,,PayerLineItem,6200000001418782818,2018/11/01 0:00:00,2018/11/30 23:59:59,2018/12/03 7:54:24,Pioneer Works,,,,AmazonCloudWatch,AmazonCloudWatch,"Amazon Web Services, Inc.",USW1-CW:Requests,,305676506,"$0.00 per request - first 1,000,000 requests",2018/11/01 0:00:00,2018/11/30 23:59:59,294561,,USD,0,0,0,None,0,163,Monitoring
160554237,596134326249,,PayerLineItem,6200000001418782820,2018/11/01 0:00:00,2018/11/30 23:59:59,2018/12/03 7:54:24,Pioneer Works,,,,AmazonCloudWatch,AmazonCloudWatch,"Amazon Web Services, Inc.",USW1-DataProcessing-Bytes,PutLogEvents,305676591,$0.67 per GB log data ingested - US West (Northern California),2018/11/01 0:00:00,2018/11/30 23:59:59,12.44417994,,USD,8.34,0,0,None,8.34,164,Logging
160554237,596134326249,,PayerLineItem,6200000001418782822,2018/11/01 0:00:00,2018/11/30 23:59:59,2018/12/03 7:54:24,Pioneer Works,,,,AmazonCloudWatch,AmazonCloudWatch,"Amazon Web Services, Inc.",SAE1-CW:Requests,,305676504,"$0.00 per request - first 1,000,000 requests",2018/11/01 0:00:00,2018/11/30 23:59:59,2161,,USD,0,0,0,None,0,165,Monitoring
160554237,596134326249,,PayerLineItem,6200000001418782823,2018/11/01 0:00:00,2018/11/30 23:59:59,2018/12/03 7:54:24,Pioneer Works,,,,AmazonCloudWatch,AmazonCloudWatch,"Amazon Web Services, Inc.",APN2-CW:Requests,,305676492,"$0.00 per request - first 1,000,000 requests",2018/11/01 0:00:00,2018/11/30 23:59:59,2161,,USD,0,0,0,None,0,166,Monitoring
160554237,596134326249,,PayerLineItem,6200000001418782824,2018/11/01 0:00:00,2018/11/30 23:59:59,2018/12/03 7:54:24,Pioneer Works,,,,AmazonCloudWatch,AmazonCloudWatch,"Amazon Web Services, Inc.",APS3-CW:Requests,,305676496,"$0.00 per request - first 1,000,000 requests",2018/11/01 0:00:00,2018/11/30 23:59:59,2162,,USD,0,0,0,None,0,167,Monitoring
160554237,596134326249,,PayerLineItem,6200000001418782825,2018/11/01 0:00:00,2018/11/30 23:59:59,2018/12/03 7:54:24,Pioneer Works,,,,AmazonCloudWatch,AmazonCloudWatch,"Amazon Web Services, Inc.",EUC1-CW:GMD-Metrics,GetMetricData,305676827,"$0.01 per 1,000 metrics requested using GetMetricData API - EU (Frankfurt)",2018/11/01 0:00:00,2018/11/30 23:59:59,720,,USD,0.01,0,0,None,0.01,168,Monitoring
160554237,596134326249,,PayerLineItem,6200000001418782826,2018/11/01 0:00:00,2018/11/30 23:59:59,2018/12/03 7:54:24,Pioneer Works,,,,AmazonCloudWatch,AmazonCloudWatch,"Amazon Web Services, Inc.",USW2-DataProcessing-Bytes,PutLogEvents,305676818,$0.50 per GB log data ingested - US West (Oregon),2018/11/01 0:00:00,2018/11/30 23:59:59,2.53296485,,USD,1.27,0,0,None,1.27,169,Logging
160554237,596134326249,,PayerLineItem,6200000001418782827,2018/11/01 0:00:00,2018/11/30 23:59:59,2018/12/03 7:54:24,Pioneer Works,,,,AmazonCloudWatch,AmazonCloudWatch,"Amazon Web Services, Inc.",USW2-CW:Requests,,305676507,"$0.00 per request - first 1,000,000 requests",2018/11/01 0:00:00,2018/11/30 23:59:59,592211,,USD,0,0,0,None,0,170,Monitoring
160554237,596134326249,,PayerLineItem,6200000001418782828,2018/11/01 0:00:00,2018/11/30 23:59:59,2018/12/03 7:54:24,Pioneer Works,,,,AmazonCloudWatch,AmazonCloudWatch,"Amazon Web Services, Inc.",APN1-CW:Requests,,305676491,"$0.00 per request - first 1,000,000 requests",2018/11/01 0:00:00,2018/11/30 23:59:59,2161,,USD,0,0,0,None,0,171,Monitoring
160554237,596134326249,,PayerLineItem,6200000001418782829,2018/11/01 0:00:00,2018/11/30 23:59:59,2018/12/03 7:54:24,Pioneer Works,,,,AmazonCloudWatch,AmazonCloudWatch,"Amazon Web Services, Inc.",CAN1-CW:Requests,,305676497,"$0.00 per request - first 1,000,000 requests",2018/11/01 0:00:00,2018/11/30 23:59:59,2161,,USD,0,0,0,None,0,172,Monitoring
160554237,596134326249,,PayerLineItem,6200000001418782832,2018/11/01 0:00:00,2018/11/30 23:59:59,2018/12/03 7:54:24,Pioneer Works,,,,AmazonCloudWatch,AmazonCloudWatch,"Amazon Web Services, Inc.",USW1-DataProcessing-Bytes,PutLogEvents,305676566,First 5GB per month of log data ingested is free.,2018/11/01 0:00:00,2018/11/30 23:59:59,5,,USD,0,0,0,None,0,173,Logging
160554237,596134326249,,PayerLineItem,6200000001418782834,2018/11/01 0:00:00,2018/11/30 23:59:59,2018/12/03 7:54:24,Pioneer Works,,,,AmazonCloudWatch,AmazonCloudWatch,"Amazon Web Services, Inc.",USW2-TimedStorage-ByteHrs,,305676590,First 5GB-mo per month of logs storage is free.,2018/11/01 0:00:00,2018/11/30 23:59:59,1.8922323,,USD,0,0,0,None,0,174,Logging
160554237,596134326249,,PayerLineItem,6200000001418782835,2018/11/01 0:00:00,2018/11/30 23:59:59,2018/12/03 7:54:24,Pioneer Works,,,,AmazonCloudWatch,AmazonCloudWatch,"Amazon Web Services, Inc.",EUC1-CW:Requests,,305676500,"$0.00 per request - first 1,000,000 requests",2018/11/01 0:00:00,2018/11/30 23:59:59,35421,,USD,0,0,0,None,0,175,Monitoring
160554237,596134326249,,PayerLineItem,6200000001418782837,2018/11/01 0:00:00,2018/11/30 23:59:59,2018/12/03 7:54:24,Pioneer Works,,,,AmazonCloudWatch,AmazonCloudWatch,"Amazon Web Services, Inc.",CW:GMD-Metrics,GetMetricData,305676721,"$0.01 per 1,000 metrics requested using GetMetricData API - US East (Northern Virginia)",2018/11/01 0:00:00,2018/11/30 23:59:59,97764,,USD,0.98,0,0,None,0.98,176,Monitoring
160554237,596134326249,,PayerLineItem,6200000001418782839,2018/11/01 0:00:00,2018/11/30 23:59:59,2018/12/03 7:54:24,Pioneer Works,,,,AmazonCloudWatch,AmazonCloudWatch,"Amazon Web Services, Inc.",EU-CW:Requests,,305676499,"$0.00 per request - first 1,000,000 requests",2018/11/01 0:00:00,2018/11/30 23:59:59,2161,,USD,0,0,0,None,0,177,Monitoring
160554237,596134326249,,PayerLineItem,6200000001418782845,2018/11/01 0:00:00,2018/11/30 23:59:59,2018/12/03 7:54:24,Pioneer Works,,,,AmazonCloudWatch,AmazonCloudWatch,"Amazon Web Services, Inc.",USW2-CW:GMD-Metrics,GetMetricData,305676819,"$0.01 per 1,000 metrics requested using GetMetricData API - US West (Oregon)",2018/11/01 0:00:00,2018/11/30 23:59:59,14934656,,USD,149.35,0,0,None,149.35,178,Monitoring
160554237,596134326249,,PayerLineItem,6200000001418782847,2018/11/01 0:00:00,2018/11/30 23:59:59,2018/12/03 7:54:24,Pioneer Works,,,,AmazonCloudWatch,AmazonCloudWatch,"Amazon Web Services, Inc.",USW1-TimedStorage-ByteHrs,,305676589,First 5GB-mo per month of logs storage is free.,2018/11/01 0:00:00,2018/11/30 23:59:59,0.1083572,,USD,0,0,0,None,0,179,Logging
160554237,596134326249,,PayerLineItem,6200000001419379055,2018/11/01 0:00:00,2018/11/30 23:59:59,2018/12/03 7:54:24,Pioneer Works,,,,AWSDataTransfer,AWS Data Transfer,"Amazon Web Services, Inc.",EUC1-DataTransfer-In-Bytes,,301279398,$0.000 per GB - data transfer in per month,2018/11/01 0:00:00,2018/11/30 23:59:59,4.00E-08,,USD,0,0,0,None,0,180,Network Egress
160554237,596134326249,,PayerLineItem,6200000001419379056,2018/11/01 0:00:00,2018/11/30 23:59:59,2018/12/03 7:54:24,Pioneer Works,,,,AWSDataTransfer,AWS Data Transfer,"Amazon Web Services, Inc.",APS1-DataTransfer-In-Bytes,,301456871,$0.000 per GB - data transfer in per month,2018/11/01 0:00:00,2018/11/30 23:59:59,4.00E-08,,USD,0,0,0,None,0,181,Network Egress
160554237,596134326249,,PayerLineItem,6200000001419379057,2018/11/01 0:00:00,2018/11/30 23:59:59,2018/12/03 7:54:24,Pioneer Works,,,,AWSDataTransfer,AWS Data Transfer,"Amazon Web Services, Inc.",APN2-DataTransfer-In-Bytes,,301279209,$0.000 per GB - data transfer in per month,2018/11/01 0:00:00,2018/11/30 23:59:59,4.00E-08,,USD,0,0,0,None,0,182,Network Egress
160554237,596134326249,,PayerLineItem,6200000001419379058,2018/11/01 0:00:00,2018/11/30 23:59:59,2018/12/03 7:54:24,Pioneer Works,,,,AWSDataTransfer,AWS Data Transfer,"Amazon Web Services, Inc.",EUC1-DataTransfer-Out-Bytes,,301456744,$0.000 per GB - first 1 GB of data transferred out per month,2018/11/01 0:00:00,2018/11/30 23:59:59,6.00E-07,,USD,0,0,0,None,0,183,Network Egress
160554237,596134326249,,PayerLineItem,6200000001419379059,2018/11/01 0:00:00,2018/11/30 23:59:59,2018/12/03 7:54:24,Pioneer Works,,,,AWSDataTransfer,AWS Data Transfer,"Amazon Web Services, Inc.",SAE1-DataTransfer-In-Bytes,,301456951,$0.000 per GB - data transfer in per month,2018/11/01 0:00:00,2018/11/30 23:59:59,4.00E-08,,USD,0,0,0,None,0,184,Network Egress
160554237,596134326249,,PayerLineItem,6200000001419379060,2018/11/01 0:00:00,2018/11/30 23:59:59,2018/12/03 7:54:24,Pioneer Works,,,,AWSDataTransfer,AWS Data Transfer,"Amazon Web Services, Inc.",APS2-DataTransfer-In-Bytes,,301456739,$0.000 per GB - data transfer in per month,2018/11/01 0:00:00,2018/11/30 23:59:59,4.00E-08,,USD,0,0,0,None,0,185,Network Egress
160554237,596134326249,,PayerLineItem,6200000001419379061,2018/11/01 0:00:00,2018/11/30 23:59:59,2018/12/03 7:54:24,Pioneer Works,,,,AWSDataTransfer,AWS Data Transfer,"Amazon Web Services, Inc.",APS1-DataTransfer-Out-Bytes,,301456961,$0.000 per GB - first 1 GB of data transferred out per month,2018/11/01 0:00:00,2018/11/30 23:59:59,6.00E-07,,USD,0,0,0,None,0,186,Network Egress
160554237,596134326249,,PayerLineItem,6200000001419379062,2018/11/01 0:00:00,2018/11/30 23:59:59,2018/12/03 7:54:24,Pioneer Works,,,,AWSDataTransfer,AWS Data Transfer,"Amazon Web Services, Inc.",APN1-DataTransfer-In-Bytes,,301456601,$0.000 per GB - data transfer in per month,2018/11/01 0:00:00,2018/11/30 23:59:59,4.00E-08,,USD,0,0,0,None,0,187,Network Egress
160554237,596134326249,,PayerLineItem,6200000001419379063,2018/11/01 0:00:00,2018/11/30 23:59:59,2018/12/03 7:54:24,Pioneer Works,,,,AWSDataTransfer,AWS Data Transfer,"Amazon Web Services, Inc.",EUW3-DataTransfer-Out-Bytes,,301279735,$0.000 per GB - first 1 GB of data transferred out per month,2018/11/01 0:00:00,2018/11/30 23:59:59,6.00E-07,,USD,0,0,0,None,0,188,Network Egress
160554237,596134326249,,PayerLineItem,6200000001419379064,2018/11/01 0:00:00,2018/11/30 23:59:59,2018/12/03 7:54:24,Pioneer Works,,,,AWSDataTransfer,AWS Data Transfer,"Amazon Web Services, Inc.",APS3-DataTransfer-Out-Bytes,,301279807,$0.000 per GB - first 1 GB of data transferred out per month,2018/11/01 0:00:00,2018/11/30 23:59:59,6.00E-07,,USD,0,0,0,None,0,189,Network Egress
160554237,596134326249,,PayerLineItem,6200000001419379065,2018/11/01 0:00:00,2018/11/30 23:59:59,2018/12/03 7:54:24,Pioneer Works,,,,AWSDataTransfer,AWS Data Transfer,"Amazon Web Services, Inc.",APN1-DataTransfer-Out-Bytes,,301278530,$0.000 per GB - first 1 GB of data transferred out per month,2018/11/01 0:00:00,2018/11/30 23:59:59,6.00E-07,,USD,0,0,0,None,0,190,Network Egress
160554237,596134326249,,PayerLineItem,6200000001419379066,2018/11/01 0:00:00,2018/11/30 23:59:59,2018/12/03 7:54:24,Pioneer Works,,,,AWSDataTransfer,AWS Data Transfer,"Amazon Web Services, Inc.",USE2-DataTransfer-Out-Bytes,,301456556,$0.000 per GB - first 1 GB of data transferred out per month,2018/11/01 0:00:00,2018/11/30 23:59:59,6.00E-07,,USD,0,0,0,None,0,191,Network Egress
160554237,596134326249,,PayerLineItem,6200000001419379067,2018/11/01 0:00:00,2018/11/30 23:59:59,2018/12/03 7:54:24,Pioneer Works,,,,AWSDataTransfer,AWS Data Transfer,"Amazon Web Services, Inc.",EU-DataTransfer-Out-Bytes,,301456482,$0.000 per GB - first 1 GB of data transferred out per month,2018/11/01 0:00:00,2018/11/30 23:59:59,6.00E-07,,USD,0,0,0,None,0,192,Network Egress
160554237,596134326249,,PayerLineItem,6200000001419379068,2018/11/01 0:00:00,2018/11/30 23:59:59,2018/12/03 7:54:24,Pioneer Works,,,,AWSDataTransfer,AWS Data Transfer,"Amazon Web Services, Inc.",SAE1-DataTransfer-Out-Bytes,,301279303,$0.000 per GB - first 1 GB of data transferred out per month,2018/11/01 0:00:00,2018/11/30 23:59:59,6.00E-07,,USD,0,0,0,None,0,193,Network Egress
160554237,596134326249,,PayerLineItem,6200000001419379069,2018/11/01 0:00:00,2018/11/30 23:59:59,2018/12/03 7:54:24,Pioneer Works,,,,AWSDataTransfer,AWS Data Transfer,"Amazon Web Services, Inc.",EUW2-DataTransfer-Out-Bytes,,301279193,$0.000 per GB - first 1 GB of data transferred out per month,2018/11/01 0:00:00,2018/11/30 23:59:59,6.00E-07,,USD,0,0,0,None,0,194,Network Egress
160554237,596134326249,,PayerLineItem,6200000001419379070,2018/11/01 0:00:00,2018/11/30 23:59:59,2018/12/03 7:54:24,Pioneer Works,,,,AWSDataTransfer,AWS Data Transfer,"Amazon Web Services, Inc.",CAN1-DataTransfer-In-Bytes,,301279588,$0.000 per GB - data transfer in per month,2018/11/01 0:00:00,2018/11/30 23:59:59,4.00E-08,,USD,0,0,0,None,0,195,Network Egress
160554237,596134326249,,PayerLineItem,6200000001419379071,2018/11/01 0:00:00,2018/11/30 23:59:59,2018/12/03 7:54:24,Pioneer Works,,,,AWSDataTransfer,AWS Data Transfer,"Amazon Web Services, Inc.",EUW2-DataTransfer-In-Bytes,,301279173,$0.000 per GB - data transfer in per month,2018/11/01 0:00:00,2018/11/30 23:59:59,4.00E-08,,USD,0,0,0,None,0,196,Network Egress
160554237,596134326249,,PayerLineItem,6200000001419379072,2018/11/01 0:00:00,2018/11/30 23:59:59,2018/12/03 7:54:24,Pioneer Works,,,,AWSDataTransfer,AWS Data Transfer,"Amazon Web Services, Inc.",APN2-DataTransfer-Out-Bytes,,301278419,$0.000 per GB - first 1 GB of data transferred out per month,2018/11/01 0:00:00,2018/11/30 23:59:59,6.00E-07,,USD,0,0,0,None,0,197,Network Egress
160554237,596134326249,,PayerLineItem,6200000001419379073,2018/11/01 0:00:00,2018/11/30 23:59:59,2018/12/03 7:54:24,Pioneer Works,,,,AWSDataTransfer,AWS Data Transfer,"Amazon Web Services, Inc.",EU-DataTransfer-In-Bytes,,301278673,$0.000 per GB - data transfer in per month,2018/11/01 0:00:00,2018/11/30 23:59:59,4.00E-08,,USD,0,0,0,None,0,198,Network Egress
160554237,596134326249,,PayerLineItem,6200000001419379074,2018/11/01 0:00:00,2018/11/30 23:59:59,2018/12/03 7:54:24,Pioneer Works,,,,AWSDataTransfer,AWS Data Transfer,"Amazon Web Services, Inc.",APS3-DataTransfer-In-Bytes,,301279312,$0.000 per GB - data transfer in per month,2018/11/01 0:00:00,2018/11/30 23:59:59,4.00E-08,,USD,0,0,0,None,0,199,Network Egress
160554237,596134326249,,PayerLineItem,6200000001419379075,2018/11/01 0:00:00,2018/11/30 23:59:59,2018/12/03 7:54:24,Pioneer Works,,,,AWSDataTransfer,AWS Data Transfer,"Amazon Web Services, Inc.",USE2-DataTransfer-In-Bytes,,301280165,$0.000 per GB - data transfer in per month,2018/11/01 0:00:00,2018/11/30 23:59:59,4.00E-08,,USD,0,0,0,None,0,200,Network Egress
160554237,596134326249,,PayerLineItem,6200000001419379076,2018/11/01 0:00:00,2018/11/30 23:59:59,2018/12/03 7:54:24,Pioneer Works,,,,AWSDataTransfer,AWS Data Transfer,"Amazon Web Services, Inc.",CAN1-DataTransfer-Out-Bytes,,301279614,$0.000 per GB - first 1 GB of data transferred out per month,2018/11/01 0:00:00,2018/11/30 23:59:59,6.00E-07,,USD,0,0,0,None,0,201,Network Egress
160554237,596134326249,,PayerLineItem,6200000001419379077,2018/11/01 0:00:00,2018/11/30 23:59:59,2018/12/03 7:54:24,Pioneer Works,,,,AWSDataTransfer,AWS Data Transfer,"Amazon Web Services, Inc.",EUW3-DataTransfer-In-Bytes,,301279346,$0.000 per GB - data transfer in per month,2018/11/01 0:00:00,2018/11/30 23:59:59,4.00E-08,,USD,0,0,0,None,0,202,Network Egress
160554237,596134326249,,PayerLineItem,6200000001419379078,2018/11/01 0:00:00,2018/11/30 23:59:59,2018/12/03 7:54:24,Pioneer Works,,,,AWSDataTransfer,AWS Data Transfer,"Amazon Web Services, Inc.",APS2-DataTransfer-Out-Bytes,,301278983,$0.000 per GB - first 1 GB of data transferred out per month,2018/11/01 0:00:00,2018/11/30 23:59:59,6.00E-07,,USD,0,0,0,None,0,203,Network Egress
160554237,596134326249,,PayerLineItem,6200000001420214089,2018/11/01 0:00:00,2018/11/30 23:59:59,2018/12/03 7:54:24,Pioneer Works,,,,AmazonEC2,Amazon Elastic Compute Cloud,"Amazon Web Services, Inc.",USW2-BoxUsage:t2.medium,RunInstances,308582593,$0.0464 per On Demand Linux t2.medium Instance Hour,2018/11/01 0:00:00,2018/11/30 23:59:59,720,,USD,33.41,0,0,None,33.41,204,Compute Engine
160554237,596134326249,,PayerLineItem,6200000001420214090,2018/11/01 0:00:00,2018/11/30 23:59:59,2018/12/03 7:54:24,Pioneer Works,,,,AmazonS3,Amazon Simple Storage Service,"Amazon Web Services, Inc.",USW1-Requests-Tier2,,307442933,"$0.0044 per 10,000 GET and all other requests",2018/11/01 0:00:00,2018/11/30 23:59:59,7497083,,USD,3.3,0,0,None,3.3,205,GC Storage
160554237,596134326249,,PayerLineItem,6200000001420214091,2018/11/01 0:00:00,2018/11/30 23:59:59,2018/12/03 7:54:24,Pioneer Works,,,,AmazonEC2,Amazon Elastic Compute Cloud,"Amazon Web Services, Inc.",USW2-BoxUsage:c5.2xlarge,RunInstances,308586184,$0.34 per On Demand Linux c5.2xlarge Instance Hour,2018/11/01 0:00:00,2018/11/07 0:32:37,1728,,USD,587.52,0,0,None,587.52,206,Compute Engine
160554237,596134326249,,PayerLineItem,6200000001420214092,2018/11/01 0:00:00,2018/11/30 23:59:59,2018/12/03 7:54:24,Pioneer Works,,,,AmazonEC2,Amazon Elastic Compute Cloud,"Amazon Web Services, Inc.",USW2-EBS:VolumeIOUsage,,308579102,$0.05 per 1 million I/O requests - US West (Oregon),2018/11/01 0:00:00,2018/11/30 23:59:59,7880527,,USD,0.39,0,0,None,0.39,207,PD Storage
160554237,596134326249,,PayerLineItem,6200000001420214093,2018/11/01 0:00:00,2018/11/30 23:59:59,2018/12/03 7:54:24,Pioneer Works,,,,AmazonS3,Amazon Simple Storage Service,"Amazon Web Services, Inc.",Requests-Tier2,,307443187,"$0.004 per 10,000 GET and all other requests",2018/11/01 0:00:00,2018/11/30 23:59:59,7344,,USD,0,0,0,None,0,208,GC Storage
160554237,596134326249,,PayerLineItem,6200000001420214094,2018/11/01 0:00:00,2018/11/30 23:59:59,2018/12/03 7:54:24,Pioneer Works,,,,AmazonS3,Amazon Simple Storage Service,"Amazon Web Services, Inc.",Requests-Tier1,,307443210,"$0.005 per 1,000 PUT, COPY, POST, or LIST requests",2018/11/01 0:00:00,2018/11/30 23:59:59,99185,,USD,0.5,0,0,None,0.5,209,GC Storage
160554237,596134326249,,PayerLineItem,6200000001420214095,2018/11/01 0:00:00,2018/11/30 23:59:59,2018/12/03 7:54:24,Pioneer Works,,,,AmazonEC2,Amazon Elastic Compute Cloud,"Amazon Web Services, Inc.",USW2-NatGateway-Bytes,NatGateway,308587908,$0.045 per GB Data Processed by NAT Gateways,2018/11/01 0:00:00,2018/11/30 23:59:59,5949.962047,,USD,267.75,0,0,None,267.75,210,Cloud NAT
160554237,596134326249,,PayerLineItem,6200000001420214096,2018/11/01 0:00:00,2018/11/30 23:59:59,2018/12/03 7:54:24,Pioneer Works,,,,AmazonEC2,Amazon Elastic Compute Cloud,"Amazon Web Services, Inc.",USW2-LoadBalancerUsage,LoadBalancing:Application,308579054,$0.0225 per Application LoadBalancer-hour (or partial hour),2018/11/01 0:00:00,2018/11/30 23:59:59,8640,,USD,194.4,0,0,None,194.4,211,Load Balancer
160554237,596134326249,,PayerLineItem,6200000001420214097,2018/11/01 0:00:00,2018/11/30 23:59:59,2018/12/03 7:54:24,Pioneer Works,,,,AmazonEC2,Amazon Elastic Compute Cloud,"Amazon Web Services, Inc.",USW2-EBS:VolumeUsage.gp2,,308588331,$0.10 per GB-month of General Purpose SSD (gp2) provisioned storage - US West (Oregon),2018/11/01 0:00:00,2018/11/30 23:59:59,1498.496192,,USD,149.85,0,0,None,149.85,212,PD Storage
160554237,596134326249,,PayerLineItem,6200000001420214098,2018/11/01 0:00:00,2018/11/30 23:59:59,2018/12/03 7:54:24,Pioneer Works,,,,AmazonEC2,Amazon Elastic Compute Cloud,"Amazon Web Services, Inc.",USW2-LCUUsage,LoadBalancing:Application,308582009,$0.008 per used Application load balancer capacity unit-hour (or partial hour),2018/11/01 0:00:00,2018/11/30 23:59:59,9710.196041,,USD,77.68,0,0,None,77.68,213,Load Balancer
160554237,596134326249,,PayerLineItem,6200000001420214099,2018/11/01 0:00:00,2018/11/30 23:59:59,2018/12/03 7:54:24,Pioneer Works,,,,AmazonS3,Amazon Simple Storage Service,"Amazon Web Services, Inc.",EUC1-Requests-Tier2,,307443525,"$0.0043 per 10,000 GET and all other requests",2018/11/01 0:00:00,2018/11/30 23:59:59,412,,USD,0,0,0,None,0,214,GC Storage
160554237,596134326249,,PayerLineItem,6200000001420214100,2018/11/01 0:00:00,2018/11/30 23:59:59,2018/12/03 7:54:24,Pioneer Works,,,,AmazonS3,Amazon Simple Storage Service,"Amazon Web Services, Inc.",USW2-Requests-Tier2,,307503017,"$0.004 per 10,000 GET and all other requests",2018/11/01 0:00:00,2018/11/30 23:59:59,2637630,,USD,1.06,0,0,None,1.06,215,GC Storage
160554237,596134326249,,PayerLineItem,6200000001420214101,2018/11/01 0:00:00,2018/11/30 23:59:59,2018/12/03 7:54:24,Pioneer Works,,,,AmazonS3,Amazon Simple Storage Service,"Amazon Web Services, Inc.",USW2-Requests-Tier1,,307443671,"$0.005 per 1,000 PUT, COPY, POST, or LIST requests",2018/11/01 0:00:00,2018/11/30 23:59:59,2194344,,USD,10.97,0,0,None,10.97,216,GC Storage
160554237,596134326249,,PayerLineItem,6200000001420214102,2018/11/01 0:00:00,2018/11/30 23:59:59,2018/12/03 7:54:24,Pioneer Works,,,,AmazonEC2,Amazon Elastic Compute Cloud,"Amazon Web Services, Inc.",USW2-BoxUsage:t2.small,RunInstances,308585510,$0.023 per On Demand Linux t2.small Instance Hour,2018/11/01 0:00:00,2018/11/30 23:59:59,1440,,USD,33.12,0,0,None,33.12,217,Compute Engine
160554237,596134326249,,PayerLineItem,6200000001420214103,2018/11/01 0:00:00,2018/11/30 23:59:59,2018/12/03 7:54:24,Pioneer Works,,,,AmazonEC2,Amazon Elastic Compute Cloud,"Amazon Web Services, Inc.",USW2-EBSOptimized:c5.4xlarge,Hourly,308585673,$0.00 for 2250 Mbps per c5.4xlarge instance-hour (or partial hour),2018/11/01 0:00:00,2018/11/30 23:59:59,720,,USD,0,0,0,None,0,218,Others
160554237,596134326249,,PayerLineItem,6200000001420214104,2018/11/01 0:00:00,2018/11/30 23:59:59,2018/12/03 7:54:24,Pioneer Works,,,,AmazonS3,Amazon Simple Storage Service,"Amazon Web Services, Inc.",EUC1-TimedStorage-ByteHrs,,307443470,$0.0245 per GB - first 50 TB / month of storage used,2018/11/01 0:00:00,2018/11/30 23:59:59,0.0773718,,USD,0,0,0,None,0,219,GC Storage
160554237,596134326249,,PayerLineItem,6200000001420214105,2018/11/01 0:00:00,2018/11/30 23:59:59,2018/12/03 7:54:24,Pioneer Works,,,,AmazonEC2,Amazon Elastic Compute Cloud,"Amazon Web Services, Inc.",USW2-BoxUsage:c5.4xlarge,RunInstances,308577802,$0.68 per On Demand Linux c5.4xlarge Instance Hour,2018/11/01 0:00:00,2018/11/30 23:59:59,2181.257292,,USD,1483.25,0,0,None,1483.25,220,Compute Engine
160554237,596134326249,,PayerLineItem,6200000001420214106,2018/11/01 0:00:00,2018/11/30 23:59:59,2018/12/03 7:54:24,Pioneer Works,,,,AmazonS3,Amazon Simple Storage Service,"Amazon Web Services, Inc.",USW1-TimedStorage-ByteHrs,,307442941,$0.026 per GB - first 50 TB / month of storage used,2018/11/01 0:00:00,2018/11/30 23:59:59,1813.997893,,USD,47.16,0,0,None,47.16,221,GC Storage
160554237,596134326249,,PayerLineItem,6200000001420214107,2018/11/01 0:00:00,2018/11/30 23:59:59,2018/12/03 7:54:24,Pioneer Works,,,,AmazonS3,Amazon Simple Storage Service,"Amazon Web Services, Inc.",USW1-Requests-Tier1,,307442983,"$0.0055 per 1,000 PUT, COPY, POST, or LIST requests",2018/11/01 0:00:00,2018/11/30 23:59:59,5278165,,USD,29.03,0,0,None,29.03,222,GC Storage
160554237,596134326249,,PayerLineItem,6200000001420214108,2018/11/01 0:00:00,2018/11/30 23:59:59,2018/12/03 7:54:24,Pioneer Works,,,,AmazonEC2,Amazon Elastic Compute Cloud,"Amazon Web Services, Inc.",USW2-NatGateway-Hours,NatGateway,308585966,$0.045 per NAT Gateway Hour,2018/11/01 0:00:00,2018/11/30 23:59:59,2880,,USD,129.6,0,0,None,129.6,223,Cloud NAT
160554237,596134326249,,PayerLineItem,6200000001420214109,2018/11/01 0:00:00,2018/11/30 23:59:59,2018/12/03 7:54:24,Pioneer Works,,,,AmazonEC2,Amazon Elastic Compute Cloud,"Amazon Web Services, Inc.",USW2-EBS:VolumeUsage,,308583951,$0.05 per GB-month of Magnetic provisioned storage - US West (Oregon),2018/11/01 0:00:00,2018/11/30 23:59:59,48.0000024,,USD,2.4,0,0,None,2.4,224,PD Storage
160554237,596134326249,,PayerLineItem,6200000001420214110,2018/11/01 0:00:00,2018/11/30 23:59:59,2018/12/03 7:54:24,Pioneer Works,,,,AmazonEC2,Amazon Elastic Compute Cloud,"Amazon Web Services, Inc.",USW2-EBSOptimized:c5.xlarge,Hourly,308588115,$0.00 for 800 Mbps per c5.xlarge instance-hour (or partial hour),2018/11/01 0:00:00,2018/11/30 23:59:59,4320,,USD,0,0,0,None,0,225,Others
160554237,596134326249,,PayerLineItem,6200000001420214111,2018/11/01 0:00:00,2018/11/30 23:59:59,2018/12/03 7:54:24,Pioneer Works,,,,AmazonEC2,Amazon Elastic Compute Cloud,"Amazon Web Services, Inc.",USW2-BoxUsage:c5.xlarge,RunInstances,308578489,$0.17 per On Demand Linux c5.xlarge Instance Hour,2018/11/01 0:00:00,2018/11/07 0:32:37,1008,,USD,171.36,0,0,None,171.36,226,Compute Engine
160554237,596134326249,,PayerLineItem,6200000001420214112,2018/11/01 0:00:00,2018/11/30 23:59:59,2018/12/03 7:54:24,Pioneer Works,,,,AmazonEC2,Amazon Elastic Compute Cloud,"Amazon Web Services, Inc.",USW2-EBS:SnapshotUsage,,308587021,$0.05 per GB-Month of snapshot data stored - US West (Oregon),2018/11/01 0:00:00,2018/11/30 23:59:59,92.92041029,,USD,4.65,0,0,None,4.65,227,PD Storage
160554237,596134326249,,PayerLineItem,6200000001420214113,2018/11/01 0:00:00,2018/11/30 23:59:59,2018/12/03 7:54:24,Pioneer Works,,,,AmazonS3,Amazon Simple Storage Service,"Amazon Web Services, Inc.",EUC1-Requests-Tier1,,307443474,"$0.0054 per 1,000 PUT, COPY, POST, or LIST requests",2018/11/01 0:00:00,2018/11/30 23:59:59,20,,USD,0,0,0,None,0,228,GC Storage
160554237,596134326249,,PayerLineItem,6200000001420214114,2018/11/01 0:00:00,2018/11/30 23:59:59,2018/12/03 7:54:24,Pioneer Works,,,,AmazonEC2,Amazon Elastic Compute Cloud,"Amazon Web Services, Inc.",USW2-EBSOptimized:c5.2xlarge,Hourly,308578711,$0.00 for 1125 Mbps per c5.2xlarge instance-hour (or partial hour),2018/11/01 0:00:00,2018/11/30 23:59:59,8640,,USD,0,0,0,None,0,229,Others
160554237,596134326249,,PayerLineItem,6200000001420214115,2018/11/01 0:00:00,2018/11/30 23:59:59,2018/12/03 7:54:24,Pioneer Works,,,,AmazonEC2,Amazon Elastic Compute Cloud,"Amazon Web Services, Inc.",USW2-BoxUsage,RunInstances,308579465,$0.044 per On Demand Linux m1.small Instance Hour,2018/11/01 0:00:00,2018/11/30 23:59:59,11.099725,,USD,0.49,0,0,None,0.49,230,Compute Engine
160554237,596134326249,,PayerLineItem,6200000001420214116,2018/11/01 0:00:00,2018/11/30 23:59:59,2018/12/03 7:54:24,Pioneer Works,,,,AmazonS3,Amazon Simple Storage Service,"Amazon Web Services, Inc.",USW2-TimedStorage-ByteHrs,,307502993,$0.023 per GB - first 50 TB / month of storage used,2018/11/01 0:00:00,2018/11/30 23:59:59,4565.494401,,USD,105.01,0,0,None,105.01,231,GC Storage
160554237,596134326249,,PayerLineItem,6200000001420214117,2018/11/01 0:00:00,2018/11/30 23:59:59,2018/12/03 7:54:24,Pioneer Works,,,,AmazonS3,Amazon Simple Storage Service,"Amazon Web Services, Inc.",TimedStorage-ByteHrs,,307443195,$0.023 per GB - first 50 TB / month of storage used,2018/11/01 0:00:00,2018/11/30 23:59:59,200.1355639,,USD,4.6,0,0,None,4.6,232,GC Storage
160554237,596134326249,,PayerLineItem,6200000001421129063,2018/11/01 0:00:00,2018/11/30 23:59:59,2018/12/03 7:54:24,Pioneer Works,,,,AmazonCloudFront,Amazon CloudFront,"Amazon Web Services, Inc.",CA-DataTransfer-Out-OBytes,,281246393,$0.020 per GB - All data transfer out to Origin (Canada),2018/11/01 0:00:00,2018/11/30 23:59:59,3.70E-07,,USD,0,0,0,None,0,233,Cloud CDN
160554237,596134326249,,PayerLineItem,6200000001421129064,2018/11/01 0:00:00,2018/11/30 23:59:59,2018/12/03 7:54:24,Pioneer Works,,,,AmazonCloudFront,Amazon CloudFront,"Amazon Web Services, Inc.",CA-Requests-HTTPS-Proxy,,281246417,"$0.0100 per 10,000 Proxy HTTPS Requests (Canada)",2018/11/01 0:00:00,2018/11/30 23:59:59,1,,USD,0,0,0,None,0,234,Cloud CDN
160554237,596134326249,,PayerLineItem,6200000001423766266,2018/11/01 0:00:00,2018/11/30 23:59:59,2018/12/03 7:54:24,Pioneer Works,,,,AWSGlue,AWS Glue,"Amazon Web Services, Inc.",USW2-Catalog-Request,Request,272606062,$0 for AWS Glue Data Catalog requests under the free tier,2018/11/01 0:00:00,2018/11/30 23:59:59,1,,USD,0,0,0,None,0,235,Others
160554237,596134326249,,PayerLineItem,6200000001425396785,2018/11/01 0:00:00,2018/11/30 23:59:59,2018/12/03 7:54:24,Pioneer Works,,,,AmazonCloudFront,Amazon CloudFront,"Amazon Web Services, Inc.",SA-Requests-Tier1,,281246402,"$0.0160 per 10,000 HTTP Requests",2018/11/01 0:00:00,2018/11/30 23:59:59,5,,USD,0,0,0,None,0,236,Cloud CDN
160554237,596134326249,,PayerLineItem,6200000001429240771,2018/11/01 0:00:00,2018/11/30 23:59:59,2018/12/03 7:54:24,Pioneer Works,,,,AmazonRDS,Amazon Relational Database Service,"Amazon Web Services, Inc.",USW2-InstanceUsage:db.r4.2xlarge,CreateDBInstance:0014,309593749,$1.000 per RDS db.r4.2xlarge Single-AZ instance hour (or partial hour) running PostgreSQL,2018/11/01 0:00:00,2018/11/07 22:26:58,173,,USD,173,0,0,None,173,237,Cloud SQL
160554237,596134326249,,PayerLineItem,6200000001429240772,2018/11/01 0:00:00,2018/11/30 23:59:59,2018/12/03 7:54:24,Pioneer Works,,,,AmazonRDS,Amazon Relational Database Service,"Amazon Web Services, Inc.",USW2-Multi-AZUsage:db.m4.large,CreateDBInstance:0014,309593850,$0.364 per RDS db.m4.large Multi-AZ instance hour (or partial hour) running PostgreSQL,2018/11/01 0:00:00,2018/11/30 23:59:59,720,,USD,262.08,0,0,None,262.08,238,Cloud SQL
160554237,596134326249,,PayerLineItem,6200000001429240773,2018/11/01 0:00:00,2018/11/30 23:59:59,2018/12/03 7:54:24,Pioneer Works,,,,AmazonRDS,Amazon Relational Database Service,"Amazon Web Services, Inc.",USW2-InstanceUsage:db.t2.large,CreateDBInstance:0014,309594188,$0.145 per RDS db.t2.large instance hour (or partial hour) running PostgreSQL,2018/11/01 0:00:00,2018/11/30 23:59:59,6481,,USD,939.75,0,0,None,939.75,239,Cloud SQL
160554237,596134326249,,PayerLineItem,6200000001429240774,2018/11/01 0:00:00,2018/11/30 23:59:59,2018/12/03 7:54:24,Pioneer Works,,,,AmazonRDS,Amazon Relational Database Service,"Amazon Web Services, Inc.",USW2-InstanceUsage:db.m4.large,CreateDBInstance:0014,309593805,$0.182 per RDS db.m4.large instance hour (or partial hour) running PostgreSQL,2018/11/01 0:00:00,2018/11/30 23:59:59,720,,USD,131.04,0,0,None,131.04,240,Cloud SQL
160554237,596134326249,,PayerLineItem,6200000001429240775,2018/11/01 0:00:00,2018/11/30 23:59:59,2018/12/03 7:54:24,Pioneer Works,,,,AmazonRDS,Amazon Relational Database Service,"Amazon Web Services, Inc.",USW2-Multi-AZUsage:db.r4.4xlarge,CreateDBInstance:0014,309594597,$4.000 per RDS db.r4.4xlarge Multi-AZ instance hour (or partial hour) running PostgreSQL,2018/11/01 0:00:00,2018/11/30 23:59:59,310.25,,USD,1241,0,0,None,1241,241,Cloud SQL
160554237,596134326249,,PayerLineItem,6200000001429240776,2018/11/01 0:00:00,2018/11/30 23:59:59,2018/12/03 7:54:24,Pioneer Works,,,,AmazonRDS,Amazon Relational Database Service,"Amazon Web Services, Inc.",USW2-RDS:GP2-Storage,CreateDBInstance,309594573,$0.115 per GB-month of provisioned GP2 storage,2018/11/01 0:00:00,2018/11/30 23:59:59,31429.16667,,USD,3614.35,0,0,None,3614.35,242,Cloud SQL
160554237,596134326249,,PayerLineItem,6200000001429240777,2018/11/01 0:00:00,2018/11/30 23:59:59,2018/12/03 7:54:24,Pioneer Works,,,,AmazonRDS,Amazon Relational Database Service,"Amazon Web Services, Inc.",USW2-InstanceUsage:db.r4.4xlarge,CreateDBInstance:0014,309594708,$2.000 per RDS db.r4.4xlarge Single-AZ instance hour (or partial hour) running PostgreSQL,2018/11/01 0:00:00,2018/11/07 22:26:58,498,,USD,996,0,0,None,996,243,Cloud SQL
160554237,596134326249,,PayerLineItem,6200000001429240778,2018/11/01 0:00:00,2018/11/30 23:59:59,2018/12/03 7:54:24,Pioneer Works,,,,AmazonRDS,Amazon Relational Database Service,"Amazon Web Services, Inc.",USW2-RDS:Multi-AZ-GP2-Storage,CreateDBInstance,309594350,$0.230 per GB-month of provisioned GP2 storage for Multi-AZ deployments,2018/11/01 0:00:00,2018/11/30 23:59:59,3100.000003,,USD,713,0,0,None,713,244,Cloud SQL
157446304,596134326249,,PayerLineItem,6200000001392659471,2018/11/01 0:00:00,2018/11/30 23:59:59,2018/11/07 22:28:13,Pioneer Works,,,,AmazonRDS,Amazon Relational Database Service,"Amazon Web Services, Inc.",USW2-HeavyUsage:db.r4.4xlarge,CreateDBInstance:0014,,"Sign up charge for subscription: 1787942263, planId: 11396569",2018/11/07 22:26:58,2019/11/07 22:26:57,1,,USD,18887,0,0,None,18887,245,Reserved
157421469,596134326249,,PayerLineItem,6200000001392519000,2018/11/01 0:00:00,2018/11/30 23:59:59,2018/11/07 0:33:53,Pioneer Works,,,,AmazonEC2,Amazon Elastic Compute Cloud,"Amazon Web Services, Inc.",USW2-HeavyUsage:c5.2xlarge,RunInstances,,"Sign up charge for subscription: 1784916428, planId: 11136657",2018/11/07 0:32:37,2019/11/07 0:32:36,11,,USD,19261,0,0,None,19261,246,Reserved
157447281,596134326249,,PayerLineItem,6200000001401534759,2018/11/01 0:00:00,2018/11/30 23:59:59,2018/11/07 22:47:10,Pioneer Works,,,,AmazonRedshift,Amazon Redshift,"Amazon Web Services, Inc.",USW2-HeavyUsage:dc2.large,RunComputeNode:0001,,"Sign up charge for subscription: 1787974563, planId: 10749305",2018/11/07 22:45:50,2019/11/07 22:45:49,20,,USD,27600,0,0,None,27600,247,Reserved
157421468,596134326249,,PayerLineItem,6200000001387544812,2018/11/01 0:00:00,2018/11/30 23:59:59,2018/11/07 0:33:53,Pioneer Works,,,,AmazonEC2,Amazon Elastic Compute Cloud,"Amazon Web Services, Inc.",USW2-HeavyUsage:c5.xlarge,RunInstances,,"Sign up charge for subscription: 1784916399, planId: 11137681",2018/11/07 0:32:37,2019/11/07 0:32:36,5,,USD,4380,0,0,None,4380,248,Reserved
157421470,596134326249,,PayerLineItem,6200000001400403369,2018/11/01 0:00:00,2018/11/30 23:59:59,2018/11/07 0:33:53,Pioneer Works,,,,AmazonEC2,Amazon Elastic Compute Cloud,"Amazon Web Services, Inc.",USW2-HeavyUsage:c5.4xlarge,RunInstances,,"Sign up charge for subscription: 1784916443, planId: 11128905",2018/11/07 0:32:37,2019/11/07 0:32:36,10,,USD,35030,0,0,None,35030,249,Reserved
157446342,596134326249,,PayerLineItem,6200000001400539522,2018/11/01 0:00:00,2018/11/30 23:59:59,2018/11/07 22:30:07,Pioneer Works,,,,AmazonRDS,Amazon Relational Database Service,"Amazon Web Services, Inc.",USW2-HeavyUsage:db.r4.4xlarge,CreateDBInstance:0014,,"Sign up charge for subscription: 1787945397, planId: 11396717",2018/11/07 22:28:38,2019/11/07 22:28:37,3,,USD,28329,0,0,None,28329,250,Reserved